#Seq.ID,OTU ID,typeofsample,individual_cluster,weighted_cluster,forwardBarcodeSequence,reverseBarcodeSequence,LibraryNumber,Direction,LibraryName,ProjectName,subject,subject_Nr,age_group,Group,Group_gender,Intervention,Time,Subject,Time_nr,Detail,group,groups_gender,age_diet,pair_group,GROUP,GROUPS,4group,HiSeq.code,internal.sampleID,Primer,Region,Who,data_character,Description,Reason drop-out,Age,Gender,GRoup,BMI_kg_per_m2,Medication,Allergy,vegetarian,Alcohol_units_per_wk,Sport_hours_per_wk,Foodsupplement,Disease history and other remarks,Other remarks
GH002.001.01,GH002.001.01,biological,y,n,AACCAGAA,AACCAGAA,1,P,2017_0001,GH002,sub_1,1,18_37,Young,Young_male,placebo,pre,1,1,Young.baseline,YB_placebo,YB_placebo_male,18_37 placebo,Young placebo,Young_placebo_male,Young_placebo_male_pre,Young.baseline,Hiseq.9,2017.00005,784F.1064R,V5.V6,Ran An,paired,GH002.001.01,,29.41,male,Young_male_pre,21.15,no,no,not_vegetarian,4,6,no,no,
GH002.001.02,GH002.001.02,biological,y,n,AACCATGC,AACCATGC,1,P,2017_0001,GH002,sub_1,1,18_37,Young,Young_male,placebo,post,1,2,Young.placebo,YP_placebo,YP_placebo_male,18_37 placebo,Young placebo,Young_placebo_male,Young_placebo_male_post,Young.post,Hiseq.10,2017.00006,784F.1064R,V5.V6,Ran An,paired,GH002.001.02,,29.41,male,Young_placebo_male_post,21.15,no,no,not_vegetarian,4,6,no,no,
GH002.002.01,GH002.002.01,biological,y,n,ACCAATTA,ACCAATTA,1,P,2017_0001,GH002,sub_2,2,18_37,Young,Young_male,placebo,pre,2,1,Young.baseline,YB_placebo,YB_placebo_male,18_37 placebo,Young placebo,Young_placebo_male,Young_placebo_male_pre,Young.baseline,Hiseq.20,2017.0001,784F.1064R,V5.V6,Ran An,paired,GH002.002.01,,23.89,male,Young_male_pre,26.25,no,no,not_vegetarian,2,2,no,no,
GH002.002.02,GH002.002.02,biological,y,n,ACCGGAAT,ACCGGAAT,1,P,2017_0001,GH002,sub_2,2,18_37,Young,Young_male,placebo,post,2,2,Young.placebo,YP_placebo,YP_placebo_male,18_37 placebo,Young placebo,Young_placebo_male,Young_placebo_male_post,Young.post,Hiseq.21,2017.00011,784F.1064R,V5.V6,Ran An,paired,GH002.002.02,,23.89,male,Young_placebo_male_post,26.25,no,no,not_vegetarian,2,2,no,no,
GH002.003.01,GH002.003.01,biological,n,n,AGCAGATT,AGCAGATT,1,P,2017_0001,GH002,sub_3,3,18_37,Young,Young_female,pectin,pre,3,1,Young.baseline,YB_pectin,YB_pectin_female,18_37 pectin,Young pectin,Young_pectin_female,Young_pectin_female_pre,Young.baseline,Hiseq.34,2017.00016,784F.1064R,V5.V6,Ran An,paired,GH002.003.01,,24.85,female,Young_female_pre,23.25,no,Hay fever,not_vegetarian,0.5,8,no,no,
GH002.003.02,GH002.003.02,biological,n,n,AGCTTCGC,AGCTTCGC,1,P,2017_0001,GH002,sub_3,3,18_37,Young,Young_female,pectin,post,3,2,Young.pectin,YP_pectin,YP_pectin_female,18_37 pectin,Young pectin,Young_pectin_female,Young_pectin_female_post,Young.post,Hiseq.35,2017.00017,784F.1064R,V5.V6,Ran An,paired,GH002.003.02,,24.85,female,Young_pectin_female_post,23.25,no,Hay fever,not_vegetarian,0.5,8,no,no,
GH002.004.01,GH002.004.01,biological,np,np,AGTCGCGC,AGTCGCGC,1,P,2017_0001,GH002,sub_4,4,18_37,Young,Young_female,placebo,pre,4,1,Young.baseline,YB_placebo,YB_placebo_female,18_37 placebo,Young placebo,Young_placebo_female,Young_placebo_female_pre,Young.baseline,Hiseq.38,2017.00018,784F.1064R,V5.V6,Ran An,paired,GH002.004.01,No compliance,23.48,female,Young_female_pre,22.41,no,no,vegetarian,0,3,no,no,
GH002.005.01,GH002.005.01,biological,y,n,ATGCCGGA,ATGCCGGA,1,P,2017_0001,GH002,sub_5,5,18_37,Young,Young_female,placebo,pre,5,1,Young.baseline,YB_placebo,YB_placebo_female,18_37 placebo,Young placebo,Young_placebo_female,Young_placebo_female_pre,Young.baseline,Hiseq.39,2017.00019,784F.1064R,V5.V6,Ran An,paired,GH002.005.01,,22.41,female,Young_female_pre,21.15,no,no,not_vegetarian,6,5,no,no,
GH002.005.02,GH002.005.02,biological,y,n,ATGCGATT,ATGCGATT,1,P,2017_0001,GH002,sub_5,5,18_37,Young,Young_female,placebo,post,5,2,Young.placebo,YP_placebo,YP_placebo_female,18_37 placebo,Young placebo,Young_placebo_female,Young_placebo_female_post,Young.post,Hiseq.46,2017.00022,784F.1064R,V5.V6,Ran An,multi,GH002.005.02,,22.41,female,Young_placebo_female_post,21.15,no,no,not_vegetarian,6,5,no,no,
GH002.006.01,GH002.006.01,biological,y,n,CATAAGCG,CATAAGCG,1,P,2017_0001,GH002,sub_6,6,18_37,Young,Young_female,pectin,pre,6,1,Young.baseline,YB_pectin,YB_pectin_female,18_37 pectin,Young pectin,Young_pectin_female,Young_pectin_female_pre,Young.baseline,Hiseq.47,2017.00023,784F.1064R,V5.V6,Ran An,multi,GH002.006.01,,21.74,female,Young_female_pre,20.29,no,no,not_vegetarian,1,3,no,no,
GH002.006.02,GH002.006.02,biological,y,n,CATGATGC,CATGATGC,1,P,2017_0001,GH002,sub_6,6,18_37,Young,Young_female,pectin,post,6,2,Young.pectin,YP_pectin,YP_pectin_female,18_37 pectin,Young pectin,Young_pectin_female,Young_pectin_female_post,Young.post,Hiseq.69,2017.00023,784F.1064R,V5.V6,Ran An,multi,GH002.006.02,,21.74,female,Young_pectin_female_post,20.29,no,no,not_vegetarian,1,3,no,no,
GH002.007.01,GH002.007.01,biological,n,n,CCATTATG,CCATTATG,1,P,2017_0001,GH002,sub_7,7,18_37,Young,Young_male,placebo,pre,7,1,Young.baseline,YB_placebo,YB_placebo_male,18_37 placebo,Young placebo,Young_placebo_male,Young_placebo_male_pre,Young.baseline,Hiseq.69,2017.00023,784F.1064R,V5.V6,Ran An,multi,GH002.007.01,,18.54,male,Young_male_pre,20.02,no,Hay fever,not_vegetarian,4,4,no,no,
GH002.007.02,GH002.007.02,biological,n,n,CCGTACTA,CCGTACTA,1,P,2017_0001,GH002,sub_7,7,18_37,Young,Young_male,placebo,post,7,2,Young.placebo,YP_placebo,YP_placebo_male,18_37 placebo,Young placebo,Young_placebo_male,Young_placebo_male_post,Young.post,Hiseq.69,2017.00023,784F.1064R,V5.V6,Ran An,multi,GH002.007.02,,18.54,male,Young_placebo_male_post,20.02,no,Hay fever,not_vegetarian,4,4,no,no,
GH002.008.01,GH002.008.01,biological,y,n,CGGAAGAG,CGGAAGAG,1,P,2017_0001,GH002,sub_8,8,18_37,Young,Young_female,placebo,pre,8,1,Young.baseline,YB_placebo,YB_placebo_female,18_37 placebo,Young placebo,Young_placebo_female,Young_placebo_female_pre,Young.baseline,Hiseq.50,2017.00024,784F.1064R,V5.V6,Ran An,paired,GH002.008.01,,18.59,female,Young_female_pre,21.87,no,no,not_vegetarian,2,1,no,no,
GH002.008.02,GH002.008.02,biological,y,n,CTAGGAGA,CTAGGAGA,1,P,2017_0001,GH002,sub_8,8,18_37,Young,Young_female,placebo,post,8,2,Young.placebo,YP_placebo,YP_placebo_female,18_37 placebo,Young placebo,Young_placebo_female,Young_placebo_female_post,Young.post,Hiseq.51,2017.00025,784F.1064R,V5.V6,Ran An,paired,GH002.008.02,,18.59,female,Young_placebo_female_post,21.87,no,no,not_vegetarian,2,1,no,no,
GH002.009.01,GH002.009.01,biological,y,y,CTTGCGAG,CTTGCGAG,1,P,2017_0001,GH002,sub_9,9,18_37,Young,Young_female,pectin,pre,9,1,Young.baseline,YB_pectin,YB_pectin_female,18_37 pectin,Young pectin,Young_pectin_female,Young_pectin_female_pre,Young.baseline,Hiseq.58,2017.00028,784F.1064R,V5.V6,Ran An,paired,GH002.009.01,,20.9,female,Young_female_pre,23.44,no,no,vegetarian,6,4,no,no,
GH002.009.02,GH002.009.02,biological,y,y,CTTGGCCT,CTTGGCCT,1,P,2017_0001,GH002,sub_9,9,18_37,Young,Young_female,pectin,post,9,2,Young.pectin,YP_pectin,YP_pectin_female,18_37 pectin,Young pectin,Young_pectin_female,Young_pectin_female_post,Young.post,Hiseq.59,2017.00029,784F.1064R,V5.V6,Ran An,paired,GH002.009.02,,20.9,female,Young_pectin_female_post,23.44,no,no,vegetarian,6,4,no,no,
GH002.010.01,GH002.010.01,biological,y,n,GAACTAAG,GAACTAAG,1,P,2017_0001,GH002,sub_10,10,18_37,Young,Young_female,pectin,pre,10,1,Young.baseline,YB_pectin,YB_pectin_female,18_37 pectin,Young pectin,Young_pectin_female,Young_pectin_female_pre,Young.baseline,Hiseq.62,2017.0003,784F.1064R,V5.V6,Ran An,paired,GH002.010.01,,23.21,female,Young_female_pre,28.8,no,no,not_vegetarian,0.5,3,no,no,
GH002.010.02,GH002.010.02,biological,y,n,GAAGCTCG,GAAGCTCG,1,P,2017_0001,GH002,sub_10,10,18_37,Young,Young_female,pectin,post,10,2,Young.pectin,YP_pectin,YP_pectin_female,18_37 pectin,Young pectin,Young_pectin_female,Young_pectin_female_post,Young.post,Hiseq.63,2017.00031,784F.1064R,V5.V6,Ran An,paired,GH002.010.02,,23.21,female,Young_pectin_female_post,28.8,no,no,not_vegetarian,0.5,3,no,no,
GH002.011.01,GH002.011.01,biological,y,y,GATGATAA,GATGATAA,1,P,2017_0001,GH002,sub_11,11,18_37,Young,Young_male,placebo,pre,11,1,Young.baseline,YB_placebo,YB_placebo_male,18_37 placebo,Young placebo,Young_placebo_male,Young_placebo_male_pre,Young.baseline,HiSeq.1,2017.00034,784F.1064R,V5.V6,Ran An,paired,GH002.011.01,,26.64,male,Young_male_pre,28.03,no,no,not_vegetarian,0,2,no,no,
GH002.011.02,GH002.011.02,biological,y,y,GATGCGCT,GATGCGCT,1,P,2017_0001,GH002,sub_11,11,18_37,Young,Young_male,placebo,post,11,2,Young.placebo,YP_placebo,YP_placebo_male,18_37 placebo,Young placebo,Young_placebo_male,Young_placebo_male_post,Young.post,Hiseq.2,2017.00035,784F.1064R,V5.V6,Ran An,paired,GH002.011.02,,26.64,male,Young_placebo_male_post,28.03,no,no,not_vegetarian,0,2,no,no,
GH002.012.01,GH002.012.01,biological,y,n,GCTAATCT,GCTAATCT,1,P,2017_0001,GH002,sub_12,12,18_37,Young,Young_female,pectin,pre,12,1,Young.baseline,YB_pectin,YB_pectin_female,18_37 pectin,Young pectin,Young_pectin_female,Young_pectin_female_pre,Young.baseline,Hiseq.17,2017.00042,784F.1064R,V5.V6,Ran An,paired,GH002.012.01,,21.21,female,Young_female_pre,23.59,no,no,not_vegetarian,7,4,no,no,
GH002.012.02.lib1.b47,GH002.012.02.lib1.b47,biological_rep,y,n,GGAGCGCA,GGAGCGCA,1,P,2017_0001,GH002,sub_12,12,18_37,Young,Young_female,pectin,post,12,2,Young.pectin,YP_pectin,YP_pectin_female,18_37 pectin,Young pectin,Young_pectin_female,Young_pectin_female_post,Young.post,Hiseq.18,2017.00043,784F.1064R,V5.V6,Ran An,paired,GH002.012.02.lib1.b47,,21.21,female,Young_pectin_female_post,23.59,no,no,not_vegetarian,7,4,no,no,
GH002.012.02.lib1.b69,GH002.012.02.lib1.b69,biological_rep,y,n,TTGATCCA,TTGATCCA,1,P,2017_0001,GH002,sub_12,12,18_37,Young,Young_female,pectin,post,12,2,Young.pectin,YP_pectin,YP_pectin_female,18_37 pectin,Young pectin,Young_pectin_female,Young_pectin_female_post,Young.post,Hiseq.34,2017.00049,784F.1064R,V5.V6,Ran An,paired,GH002.012.02.lib1.b69,,21.21,female,Young_pectin_female_post,23.59,no,no,not_vegetarian,7,4,no,no,
GH002.012.02.lib2.b69,GH002.012.02.lib2.b69,biological_rep,y,n,TTGATCCA,TTGATCCA,2,P,2017_0002,GH002,sub_12,12,18_37,Young,Young_female,pectin,post,12,2,Young.pectin,YP_pectin,YP_pectin_female,18_37 pectin,Young pectin,Young_pectin_female,Young_pectin_female_post,Young.post,Hiseq.35,2017.0005,784F.1064R,V5.V6,Ran An,paired,GH002.012.02.lib2.b69,,21.21,female,Young_pectin_female_post,23.59,no,no,not_vegetarian,7,4,no,no,
GH002.012.02.lib3.b69,GH002.012.02.lib3.b69,biological_rep,y,n,TTGATCCA,TTGATCCA,3,P,2017_0003,GH002,sub_12,12,18_37,Young,Young_female,pectin,post,12,2,Young.pectin,YP_pectin,YP_pectin_female,18_37 pectin,Young pectin,Young_pectin_female,Young_pectin_female_post,Young.post,Hiseq.40,2017.00051,784F.1064R,V5.V6,Ran An,paired,GH002.012.02.lib3.b69,,21.21,female,Young_pectin_female_post,23.59,no,no,not_vegetarian,7,4,no,no,
GH002.013.01,GH002.013.01,biological,y,n,GGTAGAAT,GGTAGAAT,1,P,2017_0001,GH002,sub_13,13,18_37,Young,Young_female,pectin,pre,13,1,Young.baseline,YB_pectin,YB_pectin_female,18_37 pectin,Young pectin,Young_pectin_female,Young_pectin_female_pre,Young.baseline,Hiseq.68,2017.00052,784F.1064R,V5.V6,Ran An,paired,GH002.013.01,,24.14,female,Young_female_pre,23.09,no,"nickel, black dye",not_vegetarian,6,4,no,no,
GH002.013.02,GH002.013.02,biological,y,n,GTCCGCAA,GTCCGCAA,1,P,2017_0001,GH002,sub_13,13,18_37,Young,Young_female,pectin,post,13,2,Young.pectin,YP_pectin,YP_pectin_female,18_37 pectin,Young pectin,Young_pectin_female,Young_pectin_female_post,Young.post,Hiseq.45,2017.00053,784F.1064R,V5.V6,Ran An,paired,GH002.013.02,,24.14,female,Young_pectin_female_post,23.09,no,"nickel, black dye",not_vegetarian,6,4,no,no,
GH002.014.01,GH002.014.01,biological,y,n,TATTGCGC,TATTGCGC,1,P,2017_0001,GH002,sub_14,14,18_37,Young,Young_female,placebo,pre,14,1,Young.baseline,YB_placebo,YB_placebo_female,18_37 placebo,Young placebo,Young_placebo_female,Young_placebo_female_pre,Young.baseline,Hiseq.46,2017.00054,784F.1064R,V5.V6,Ran An,paired,GH002.014.01,,20.71,female,Young_female_pre,21.52,no,no,not_vegetarian,12,6,no,no,
GH002.014.02,GH002.014.02,biological,y,n,TCAGCGAG,TCAGCGAG,1,P,2017_0001,GH002,sub_14,14,18_37,Young,Young_female,placebo,post,14,2,Young.placebo,YP_placebo,YP_placebo_female,18_37 placebo,Young placebo,Young_placebo_female,Young_placebo_female_post,Young.post,Hiseq.57,2017.00059,784F.1064R,V5.V6,Ran An,paired,GH002.014.02,,20.71,female,Young_placebo_female_post,21.52,no,no,not_vegetarian,12,6,no,no,
GH002.015.01,GH002.015.01,biological,y,n,TCCTCCGC,TCCTCCGC,1,P,2017_0001,GH002,sub_15,15,18_37,Young,Young_male,pectin,pre,15,1,Young.baseline,YB_pectin,YB_pectin_male,18_37 pectin,Young pectin,Young_pectin_male,Young_pectin_male_pre,Young.baseline,Hiseq.58,2017.0006,784F.1064R,V5.V6,Ran An,paired,GH002.015.01,,25.02,male,Young_male_pre,24.78,no,"Grass pollen, dust mites",not_vegetarian,2,7,no,no,
GH002.015.02,GH002.015.02,biological,y,n,TCGAATAA,TCGAATAA,1,P,2017_0001,GH002,sub_15,15,18_37,Young,Young_male,pectin,post,15,2,Young.pectin,YP_pectin,YP_pectin_male,18_37 pectin,Young pectin,Young_pectin_male,Young_pectin_male_post,Young.post,Hiseq.61,2017.00061,784F.1064R,V5.V6,Ran An,paired,GH002.015.02,,25.02,male,Young_pectin_male_post,24.78,no,"Grass pollen, dust mites",not_vegetarian,2,7,no,no,
GH002.016.01,GH002.016.01,biological,n,n,TGACTCAA,TGACTCAA,1,P,2017_0001,GH002,sub_16,16,18_37,Young,Young_female,pectin,pre,16,1,Young.baseline,YB_pectin,YB_pectin_female,18_37 pectin,Young pectin,Young_pectin_female,Young_pectin_female_pre,Young.baseline,Hiseq.62,2017.00062,784F.1064R,V5.V6,Ran An,paired,GH002.016.01,,22.75,female,Young_female_pre,24.41,no,no,not_vegetarian,0,3,no,no,
GH002.016.02,GH002.016.02,biological,n,n,TGATCTCA,TGATCTCA,1,P,2017_0001,GH002,sub_16,16,18_37,Young,Young_female,pectin,post,16,2,Young.pectin,YP_pectin,YP_pectin_female,18_37 pectin,Young pectin,Young_pectin_female,Young_pectin_female_post,Young.post,Hiseq.9,2017.0007,784F.1064R,V5.V6,Ran An,paired,GH002.016.02,,22.75,female,Young_pectin_female_post,24.41,no,no,not_vegetarian,0,3,no,no,
GH002.017.02,GH002.017.02,biological,np,np,TTAGGATG,TTAGGATG,1,P,2017_0001,GH002,sub_17,17,18_37,Young,Young_female,placebo,post,17,2,Young.placebo,YP_placebo,YP_placebo_female,18_37 placebo,Young placebo,Young_placebo_female,Young_placebo_female_post,Young.post,Hiseq.10,2017.00071,784F.1064R,V5.V6,Ran An,paired,GH002.017.02,,24.89,female,Young_placebo_female_post,18.83,no,no,not_vegetarian,0,4,no,Treatment for HPV virus,
GH002.018.01,GH002.018.01,biological,y,y,AACCAGAA,AACCAGAA,2,P,2017_0002,GH002,sub_18,18,18_37,Young,Young_female,pectin,pre,18,1,Young.baseline,YB_pectin,YB_pectin_female,18_37 pectin,Young pectin,Young_pectin_female,Young_pectin_female_pre,Young.baseline,Hiseq.17,2017.00074,784F.1064R,V5.V6,Ran An,paired,GH002.018.01,,22.96,female,Young_female_pre,23.8,no,no,not_vegetarian,0.5,9,"Fish oil, vit d, magnesium",no,
GH002.018.02,GH002.018.02,biological,y,y,AACCATGC,AACCATGC,2,P,2017_0002,GH002,sub_18,18,18_37,Young,Young_female,pectin,post,18,2,Young.pectin,YP_pectin,YP_pectin_female,18_37 pectin,Young pectin,Young_pectin_female,Young_pectin_female_post,Young.post,Hiseq.18,2017.00075,784F.1064R,V5.V6,Ran An,paired,GH002.018.02,,22.96,female,Young_pectin_female_post,23.8,no,no,not_vegetarian,0.5,9,"Fish oil, vit d, magnesium",no,
GH002.019.01,GH002.019.01,biological,y,y,ACCAATTA,ACCAATTA,2,P,2017_0002,GH002,sub_19,19,18_37,Young,Young_male,placebo,pre,19,1,Young.baseline,YB_placebo,YB_placebo_male,18_37 placebo,Young placebo,Young_placebo_male,Young_placebo_male_pre,Young.baseline,Hiseq.25,2017.00078,784F.1064R,V5.V6,Ran An,paired,GH002.019.01,,20.23,male,Young_male_pre,21.03,no,"Hay fever, cats",not_vegetarian,8,6,Multivitamine,no,
GH002.019.02,GH002.019.02,biological,y,y,ACCGGAAT,ACCGGAAT,2,P,2017_0002,GH002,sub_19,19,18_37,Young,Young_male,placebo,post,19,2,Young.placebo,YP_placebo,YP_placebo_male,18_37 placebo,Young placebo,Young_placebo_male,Young_placebo_male_post,Young.post,Hiseq.26,2017.00079,784F.1064R,V5.V6,Ran An,paired,GH002.019.02,,20.23,male,Young_placebo_male_post,21.03,no,"Hay fever, cats",not_vegetarian,8,6,Multivitamine,no,
GH002.020.01,GH002.020.01,biological,n,n,AGCAGATT,AGCAGATT,2,P,2017_0002,GH002,sub_20,20,18_37,Young,Young_female,placebo,pre,20,1,Young.baseline,YB_placebo,YB_placebo_female,18_37 placebo,Young placebo,Young_placebo_female,Young_placebo_female_pre,Young.baseline,Hiseq.39,2017.00084,784F.1064R,V5.V6,Ran An,paired,GH002.020.01,,19.54,female,Young_female_pre,20.31,no,no,not_vegetarian,4,2,no,no,
GH002.020.02,GH002.020.02,biological,n,n,AGCTTCGC,AGCTTCGC,2,P,2017_0002,GH002,sub_20,20,18_37,Young,Young_female,placebo,post,20,2,Young.placebo,YP_placebo,YP_placebo_female,18_37 placebo,Young placebo,Young_placebo_female,Young_placebo_female_post,Young.post,Hiseq.43,2017.00085,784F.1064R,V5.V6,Ran An,paired,GH002.020.02,,19.54,female,Young_placebo_female_post,20.31,no,no,not_vegetarian,4,2,no,no,
GH002.021.01,GH002.021.01,biological,n,n,AGTCGCGC,AGTCGCGC,2,P,2017_0002,GH002,sub_21,21,18_37,Young,Young_female,placebo,pre,21,1,Young.baseline,YB_placebo,YB_placebo_female,18_37 placebo,Young placebo,Young_placebo_female,Young_placebo_female_pre,Young.baseline,Hiseq.52,2017.0009,784F.1064R,V5.V6,Ran An,paired,GH002.021.01,,20.81,female,Young_female_pre,20.44,no,no,not_vegetarian,20,0,no,no,
GH002.021.02,GH002.021.02,biological,n,n,AGTTATGC,AGTTATGC,2,P,2017_0002,GH002,sub_21,21,18_37,Young,Young_female,placebo,post,21,2,Young.placebo,YP_placebo,YP_placebo_female,18_37 placebo,Young placebo,Young_placebo_female,Young_placebo_female_post,Young.post,Hiseq.53,2017.00091,784F.1064R,V5.V6,Ran An,paired,GH002.021.02,,20.81,female,Young_placebo_female_post,20.44,no,no,not_vegetarian,20,0,no,no,
GH002.022.01,GH002.022.01,biological,y,n,ATGCGATT,ATGCGATT,2,P,2017_0002,GH002,sub_22,22,18_37,Young,Young_female,pectin,pre,22,1,Young.baseline,YB_pectin,YB_pectin_female,18_37 pectin,Young pectin,Young_pectin_female,Young_pectin_female_pre,Young.baseline,Hiseq.56,2017.00092,784F.1064R,V5.V6,Ran An,paired,GH002.022.01,,25.26,female,Young_female_pre,21.01,no,no,vegetarian,3,5,no,no,Doubt compliance
GH002.022.02,GH002.022.02,biological,y,n,CAACCTCT,CAACCTCT,2,P,2017_0002,GH002,sub_22,22,18_37,Young,Young_female,pectin,post,22,2,Young.pectin,YP_pectin,YP_pectin_female,18_37 pectin,Young pectin,Young_pectin_female,Young_pectin_female_post,Young.post,Hiseq.57,2017.00093,784F.1064R,V5.V6,Ran An,paired,GH002.022.02,,25.26,female,Young_pectin_female_post,21.01,no,no,vegetarian,3,5,no,no,Doubt compliance
GH002.023.01,GH002.023.01,biological,np,np,CATGATGC,CATGATGC,2,P,2017_0002,GH002,sub_23,23,18_37,Young,Young_female,pectin,pre,23,1,Young.baseline,YB_pectin,YB_pectin_female,18_37 pectin,Young pectin,Young_pectin_female,Young_pectin_female_pre,Young.baseline,Hiseq.67,2017.00094,784F.1064R,V5.V6,Ran An,paired,GH002.023.01,Start antibiotic treatment,21,female,Young_female_pre,29.38,no,"Hay fever, nuts",not_vegetarian,0,3,no,no,
GH002.024.01,GH002.024.01,biological,n,n,CCATTATG,CCATTATG,2,P,2017_0002,GH002,sub_24,24,18_37,Young,Young_female,placebo,pre,24,1,Young.baseline,YB_placebo,YB_placebo_female,18_37 placebo,Young placebo,Young_placebo_female,Young_placebo_female_pre,Young.baseline,Hiseq.68,2017.00095,784F.1064R,V5.V6,Ran An,paired,GH002.024.01,,23.76,female,Young_female_pre,22.69,no,no,vegetarian,2,4,no,no,Doubt compliance
GH002.024.02,GH002.024.02,biological,n,n,CCGTACTA,CCGTACTA,2,P,2017_0002,GH002,sub_24,24,18_37,Young,Young_female,placebo,post,24,2,Young.placebo,YP_placebo,YP_placebo_female,18_37 placebo,Young placebo,Young_placebo_female,Young_placebo_female_post,Young.post,Hiseq.66,2017.001,784F.1064R,V5.V6,Ran An,paired,GH002.024.02,,23.76,female,Young_placebo_female_post,22.69,no,no,vegetarian,2,4,no,no,Doubt compliance
GH002.025.01,GH002.025.01,biological,y,n,CGGAAGAG,CGGAAGAG,2,P,2017_0002,GH002,sub_25,25,18_37,Young,Young_female,placebo,pre,25,1,Young.baseline,YB_placebo,YB_placebo_female,18_37 placebo,Young placebo,Young_placebo_female,Young_placebo_female_pre,Young.baseline,Hiseq.67,2017.00101,784F.1064R,V5.V6,Ran An,paired,GH002.025.01,,23.73,female,Young_female_pre,19.49,no,no,not_vegetarian,2,4,no,no,
GH002.025.02,GH002.025.02,biological,y,n,CTAGGAGA,CTAGGAGA,2,P,2017_0002,GH002,sub_25,25,18_37,Young,Young_female,placebo,post,25,2,Young.placebo,YP_placebo,YP_placebo_female,18_37 placebo,Young placebo,Young_placebo_female,Young_placebo_female_post,Young.post,HiSeq.1,2017.00001,784F.1064R,V5.V6,Ran An,paired,GH002.025.02,,23.73,female,Young_placebo_female_post,19.49,no,no,not_vegetarian,2,4,no,no,
GH002.026.01,GH002.026.01,biological,y,y,CTTGCGAG,CTTGCGAG,2,P,2017_0002,GH002,sub_26,26,18_37,Young,Young_female,pectin,pre,26,1,Young.baseline,YB_pectin,YB_pectin_female,18_37 pectin,Young pectin,Young_pectin_female,Young_pectin_female_pre,Young.baseline,Hiseq.2,2017.00002,784F.1064R,V5.V6,Ran An,paired,GH002.026.01,,24.36,female,Young_female_pre,19.35,no,no,not_vegetarian,1,1,no,no,Doubt compliance
GH002.026.02,GH002.026.02,biological,y,y,CTTGGCCT,CTTGGCCT,2,P,2017_0002,GH002,sub_26,26,18_37,Young,Young_female,pectin,post,26,2,Young.pectin,YP_pectin,YP_pectin_female,18_37 pectin,Young pectin,Young_pectin_female,Young_pectin_female_post,Young.post,Hiseq.5,2017.00003,784F.1064R,V5.V6,Ran An,paired,GH002.026.02,,24.36,female,Young_pectin_female_post,19.35,no,no,not_vegetarian,1,1,no,no,Doubt compliance
GH002.027.01,GH002.027.01,biological,y,n,GAGTTATA,GAGTTATA,3,P,2017_0003,GH002,sub_27,27,18_37,Young,Young_female,pectin,pre,27,1,Young.baseline,YB_pectin,YB_pectin_female,18_37 pectin,Young pectin,Young_pectin_female,Young_pectin_female_pre,Young.baseline,Hiseq.6,2017.00004,784F.1064R,V5.V6,Ran An,paired,GH002.027.01,,20.16,female,Young_female_pre,21.85,no,no,not_vegetarian,3,1.5,no,no,
GH002.027.02,GH002.027.02,biological,y,n,TTGACTAG,TTGACTAG,3,P,2017_0003,GH002,sub_27,27,18_37,Young,Young_female,pectin,post,27,2,Young.pectin,YP_pectin,YP_pectin_female,18_37 pectin,Young pectin,Young_pectin_female,Young_pectin_female_post,Young.post,Hiseq.13,2017.00007,784F.1064R,V5.V6,Ran An,single,GH002.027.02,,20.16,female,Young_pectin_female_post,21.85,no,no,not_vegetarian,3,1.5,no,no,
GH002.028.01,GH002.028.01,biological,y,n,GCCTTAAG,GCCTTAAG,2,P,2017_0002,GH002,sub_28,28,18_37,Young,Young_female,pectin,pre,28,1,Young.baseline,YB_pectin,YB_pectin_female,18_37 pectin,Young pectin,Young_pectin_female,Young_pectin_female_pre,Young.baseline,Hiseq.16,2017.00008,784F.1064R,V5.V6,Ran An,paired,GH002.028.01,,18.67,female,Young_female_pre,22.16,no,no,not_vegetarian,10,2,no,no,
GH002.028.02,GH002.028.02,biological,y,n,GCTAATCT,GCTAATCT,2,P,2017_0002,GH002,sub_28,28,18_37,Young,Young_female,pectin,post,28,2,Young.pectin,YP_pectin,YP_pectin_female,18_37 pectin,Young pectin,Young_pectin_female,Young_pectin_female_post,Young.post,Hiseq.17,2017.00009,784F.1064R,V5.V6,Ran An,paired,GH002.028.02,,18.67,female,Young_pectin_female_post,22.16,no,no,not_vegetarian,10,2,no,no,
GH002.029.01,GH002.029.01,biological,y,y,GGTACCAA,GGTACCAA,2,P,2017_0002,GH002,sub_29,29,18_37,Young,Young_female,placebo,pre,29,1,Young.baseline,YB_placebo,YB_placebo_female,18_37 placebo,Young placebo,Young_placebo_female,Young_placebo_female_pre,Young.baseline,Hiseq.24,2017.00012,784F.1064R,V5.V6,Ran An,paired,GH002.029.01,,19.89,female,Young_female_pre,24.22,no,no,not_vegetarian,0,0,no,no,
GH002.029.02,GH002.029.02,biological,y,y,GGTAGAAT,GGTAGAAT,2,P,2017_0002,GH002,sub_29,29,18_37,Young,Young_female,placebo,post,29,2,Young.placebo,YP_placebo,YP_placebo_female,18_37 placebo,Young placebo,Young_placebo_female,Young_placebo_female_post,Young.post,Hiseq.25,2017.00013,784F.1064R,V5.V6,Ran An,paired,GH002.029.02,,19.89,female,Young_placebo_female_post,24.22,no,no,not_vegetarian,0,0,no,no,
GH002.030.01,GH002.030.01,biological,y,n,GTTCTACG,GTTCTACG,2,P,2017_0002,GH002,sub_30,30,18_37,Young,Young_male,placebo,pre,30,1,Young.baseline,YB_placebo,YB_placebo_male,18_37 placebo,Young placebo,Young_placebo_male,Young_placebo_male_pre,Young.baseline,Hiseq.28,2017.00014,784F.1064R,V5.V6,Ran An,paired,GH002.030.01,,20.58,male,Young_male_pre,22.04,no,no,not_vegetarian,8,3,no,no,
GH002.030.02,GH002.030.02,biological,y,n,TATTGCGC,TATTGCGC,2,P,2017_0002,GH002,sub_30,30,18_37,Young,Young_male,placebo,post,30,2,Young.placebo,YP_placebo,YP_placebo_male,18_37 placebo,Young placebo,Young_placebo_male,Young_placebo_male_post,Young.post,Hiseq.29,2017.00015,784F.1064R,V5.V6,Ran An,paired,GH002.030.02,,20.58,male,Young_placebo_male_post,22.04,no,no,not_vegetarian,8,3,no,no,
GH002.031.01,GH002.031.01,biological,y,n,TCCGTATA,TCCGTATA,2,P,2017_0002,GH002,sub_31,31,18_37,Young,Young_male,pectin,pre,31,1,Young.baseline,YB_pectin,YB_pectin_male,18_37 pectin,Young pectin,Young_pectin_male,Young_pectin_male_pre,Young.baseline,Hiseq.42,2017.0002,784F.1064R,V5.V6,Ran An,paired,GH002.031.01,,36.39,male,Young_male_pre,21.82,no,no,not_vegetarian,0,0,no,no,
GH002.031.02,GH002.031.02,biological,y,n,TCCTCCGC,TCCTCCGC,2,P,2017_0002,GH002,sub_31,31,18_37,Young,Young_male,pectin,post,31,2,Young.pectin,YP_pectin,YP_pectin_male,18_37 pectin,Young pectin,Young_pectin_male,Young_pectin_male_post,Young.post,Hiseq.43,2017.00021,784F.1064R,V5.V6,Ran An,paired,GH002.031.02,,36.39,male,Young_pectin_male_post,21.82,no,no,not_vegetarian,0,0,no,no,
GH002.032.01,GH002.032.01,biological,y,y,TCTATTCG,TCTATTCG,2,P,2017_0002,GH002,sub_32,32,18_37,Young,Young_male,pectin,pre,32,1,Young.baseline,YB_pectin,YB_pectin_male,18_37 pectin,Young pectin,Young_pectin_male,Young_pectin_male_pre,Young.baseline,Hiseq.54,2017.00026,784F.1064R,V5.V6,Ran An,paired,GH002.032.01,,34.19,male,Young_male_pre,25.4,no,no,not_vegetarian,3,3,no,no,
GH002.032.02,GH002.032.02,biological,y,y,TGACTCAA,TGACTCAA,2,P,2017_0002,GH002,sub_32,32,18_37,Young,Young_male,pectin,post,32,2,Young.pectin,YP_pectin,YP_pectin_male,18_37 pectin,Young pectin,Young_pectin_male,Young_pectin_male_post,Young.post,Hiseq.55,2017.00027,784F.1064R,V5.V6,Ran An,paired,GH002.032.02,,34.19,male,Young_pectin_male_post,25.4,no,no,not_vegetarian,3,3,no,no,
GH002.033.01,GH002.033.01,biological,n,y,TGATCTCA,TGATCTCA,2,P,2017_0002,GH002,sub_33,33,18_37,Young,Young_female,placebo,pre,33,1,Young.baseline,YB_placebo,YB_placebo_female,18_37 placebo,Young placebo,Young_placebo_female,Young_placebo_female_pre,Young.baseline,Hiseq.67,2017.00033,784F.1064R,V5.V6,Ran An,single,GH002.033.01,,22.19,female,Young_female_pre,21.91,no,"Apple, nuts",not_vegetarian,10,4,no,no,
GH002.033.02,GH002.033.02,biological,n,y,TGCCTGCG,TGCCTGCG,2,P,2017_0002,GH002,sub_33,33,18_37,Young,Young_female,placebo,post,33,2,Young.placebo,YP_placebo,YP_placebo_female,18_37 placebo,Young placebo,Young_placebo_female,Young_placebo_female_post,Young.post,Hiseq.5,2017.00036,784F.1064R,V5.V6,Ran An,paired,GH002.033.02,,22.19,female,Young_placebo_female_post,21.91,no,"Apple, nuts",not_vegetarian,10,4,no,no,
GH002.034.01,GH002.034.01,biological,np,np,TTGACTAG,TTGACTAG,1,P,2017_0001,GH002,sub_34,34,18_37,Young,Young_female,pectin,pre,34,1,Young.baseline,YB_pectin,YB_pectin_female,18_37 pectin,Young pectin,Young_pectin_female,Young_pectin_female_pre,Young.baseline,Hiseq.6,2017.00037,784F.1064R,V5.V6,Ran An,paired,GH002.034.01,Start antibiotic treatment,18.73,female,Young_female_pre,23.12,no,no,not_vegetarian,4,3,no,no,
GH002.035.01,GH002.035.01,biological,y,n,AACCAGAA,AACCAGAA,3,P,2017_0003,GH002,sub_35,35,18_37,Young,Young_female,placebo,pre,35,1,Young.baseline,YB_placebo,YB_placebo_female,18_37 placebo,Young placebo,Young_placebo_female,Young_placebo_female_pre,Young.baseline,Hiseq.9,2017.00038,784F.1064R,V5.V6,Ran An,paired,GH002.035.01,,20.67,female,Young_female_pre,20.15,no,no,vegetarian,5,1,no,no,
GH002.035.02,GH002.035.02,biological,y,n,AACCATGC,AACCATGC,3,P,2017_0003,GH002,sub_35,35,18_37,Young,Young_female,placebo,post,35,2,Young.placebo,YP_placebo,YP_placebo_female,18_37 placebo,Young placebo,Young_placebo_female,Young_placebo_female_post,Young.post,Hiseq.10,2017.00039,784F.1064R,V5.V6,Ran An,paired,GH002.035.02,,20.67,female,Young_placebo_female_post,20.15,no,no,vegetarian,5,1,no,no,
GH002.036.01,GH002.036.01,biological,y,y,ACCAATTA,ACCAATTA,3,P,2017_0003,GH002,sub_36,36,18_37,Young,Young_male,placebo,pre,36,1,Young.baseline,YB_placebo,YB_placebo_male,18_37 placebo,Young placebo,Young_placebo_male,Young_placebo_male_pre,Young.baseline,Hiseq.13,2017.0004,784F.1064R,V5.V6,Ran An,paired,GH002.036.01,,30.14,male,Young_male_pre,23.24,no,no,not_vegetarian,2,0,no,no,
GH002.036.02,GH002.036.02,biological,y,y,ACCGGAAT,ACCGGAAT,3,P,2017_0003,GH002,sub_36,36,18_37,Young,Young_male,placebo,post,36,2,Young.placebo,YP_placebo,YP_placebo_male,18_37 placebo,Young placebo,Young_placebo_male,Young_placebo_male_post,Young.post,Hiseq.14,2017.00041,784F.1064R,V5.V6,Ran An,paired,GH002.036.02,,30.14,male,Young_placebo_male_post,23.24,no,no,not_vegetarian,2,0,no,no,
GH002.037.01,GH002.037.01,biological,y,y,AGCAGATT,AGCAGATT,3,P,2017_0003,GH002,sub_37,37,18_37,Young,Young_female,pectin,pre,37,1,Young.baseline,YB_pectin,YB_pectin_female,18_37 pectin,Young pectin,Young_pectin_female,Young_pectin_female_pre,Young.baseline,Hiseq.21,2017.00044,784F.1064R,V5.V6,Ran An,single,GH002.037.01,,21.45,female,Young_female_pre,28.36,no,"Mussels, mosquito bites",not_vegetarian,10,4,no,no,
GH002.037.02,GH002.037.02,biological,y,y,AGCTTCGC,AGCTTCGC,3,P,2017_0003,GH002,sub_37,37,18_37,Young,Young_female,pectin,post,37,2,Young.pectin,YP_pectin,YP_pectin_female,18_37 pectin,Young pectin,Young_pectin_female,Young_pectin_female_post,Young.post,Hiseq.24,2017.00045,784F.1064R,V5.V6,Ran An,paired,GH002.037.02,,21.45,female,Young_pectin_female_post,28.36,no,"Mussels, mosquito bites",not_vegetarian,10,4,no,no,
GH002.038.01,GH002.038.01,biological,y,n,AGTCGCGC,AGTCGCGC,3,P,2017_0003,GH002,sub_38,38,18_37,Young,Young_male,placebo,pre,38,1,Young.baseline,YB_placebo,YB_placebo_male,18_37 placebo,Young placebo,Young_placebo_male,Young_placebo_male_pre,Young.baseline,Hiseq.25,2017.00046,784F.1064R,V5.V6,Ran An,paired,GH002.038.01,,18.87,male,Young_male_pre,20.45,no,no,not_vegetarian,3,2,no,no,
GH002.038.02,GH002.038.02,biological,y,n,AGTTATGC,AGTTATGC,3,P,2017_0003,GH002,sub_38,38,18_37,Young,Young_male,placebo,post,38,2,Young.placebo,YP_placebo,YP_placebo_male,18_37 placebo,Young placebo,Young_placebo_male,Young_placebo_male_post,Young.post,Hiseq.28,2017.00047,784F.1064R,V5.V6,Ran An,paired,GH002.038.02,,18.87,male,Young_placebo_male_post,20.45,no,no,not_vegetarian,3,2,no,no,
GH002.039.01,GH002.039.01,biological,y,n,ATGCGATT,ATGCGATT,3,P,2017_0003,GH002,sub_39,39,18_37,Young,Young_female,pectin,pre,39,1,Young.baseline,YB_pectin,YB_pectin_female,18_37 pectin,Young pectin,Young_pectin_female,Young_pectin_female_pre,Young.baseline,Hiseq.29,2017.00048,784F.1064R,V5.V6,Ran An,paired,GH002.039.01,,20.76,female,Young_female_pre,23.86,no,Hay fever,not_vegetarian,0,3,no,no,
GH002.039.02,GH002.039.02,biological,y,n,CAACCTCT,CAACCTCT,3,P,2017_0003,GH002,sub_39,39,18_37,Young,Young_female,pectin,post,39,2,Young.pectin,YP_pectin,YP_pectin_female,18_37 pectin,Young pectin,Young_pectin_female,Young_pectin_female_post,Young.post,Hiseq.49,2017.00055,784F.1064R,V5.V6,Ran An,paired,GH002.039.02,,20.76,female,Young_pectin_female_post,23.86,no,Hay fever,not_vegetarian,0,3,no,no,
GH002.040.01,GH002.040.01,biological,y,n,CATGATGC,CATGATGC,3,P,2017_0003,GH002,sub_40,40,18_37,Young,Young_male,placebo,pre,40,1,Young.baseline,YB_placebo,YB_placebo_male,18_37 placebo,Young placebo,Young_placebo_male,Young_placebo_male_pre,Young.baseline,Hiseq.50,2017.00056,784F.1064R,V5.V6,Ran An,paired,GH002.040.01,,23.68,male,Young_male_pre,26.95,no,no,not_vegetarian,0,2,no,no,
GH002.040.02,GH002.040.02,biological,y,n,CATTGCCA,CATTGCCA,3,P,2017_0003,GH002,sub_40,40,18_37,Young,Young_male,placebo,post,40,2,Young.placebo,YP_placebo,YP_placebo_male,18_37 placebo,Young placebo,Young_placebo_male,Young_placebo_male_post,Young.post,Hiseq.53,2017.00057,784F.1064R,V5.V6,Ran An,paired,GH002.040.02,,23.68,male,Young_placebo_male_post,26.95,no,no,not_vegetarian,0,2,no,no,
GH002.041.01,GH002.041.01,biological,n,n,CCGTACTA,CCGTACTA,3,P,2017_0003,GH002,sub_41,41,18_37,Young,Young_male,pectin,pre,41,1,Young.baseline,YB_pectin,YB_pectin_male,18_37 pectin,Young pectin,Young_pectin_male,Young_pectin_male_pre,Young.baseline,Hiseq.54,2017.00058,784F.1064R,V5.V6,Ran An,paired,GH002.041.01,,20.79,male,Young_male_pre,21.82,no,no,not_vegetarian,10,12,no,no,Gained weight by sporting
GH002.041.02,GH002.041.02,biological,n,n,CCGTCTGC,CCGTCTGC,3,P,2017_0003,GH002,sub_41,41,18_37,Young,Young_male,pectin,post,41,2,Young.pectin,YP_pectin,YP_pectin_male,18_37 pectin,Young pectin,Young_pectin_male,Young_pectin_male_post,Young.post,Hiseq.63,2017.00063,784F.1064R,V5.V6,Ran An,paired,GH002.041.02,,20.79,male,Young_pectin_male_post,21.82,no,no,not_vegetarian,10,12,no,no,Gained weight by sporting
GH002.042.01,GH002.042.01,biological,n,n,CTAGGAGA,CTAGGAGA,3,P,2017_0003,GH002,sub_42,42,18_37,Young,Young_male,placebo,pre,42,1,Young.baseline,YB_placebo,YB_placebo_male,18_37 placebo,Young placebo,Young_placebo_male,Young_placebo_male_pre,Young.baseline,Hiseq.64,2017.00064,784F.1064R,V5.V6,Ran An,paired,GH002.042.01,,23.56,male,Young_male_pre,24.39,no,no,not_vegetarian,20,2,no,no,
GH002.042.02,GH002.042.02,biological,n,n,CTCAGCGC,CTCAGCGC,3,P,2017_0003,GH002,sub_42,42,18_37,Young,Young_male,placebo,post,42,2,Young.placebo,YP_placebo,YP_placebo_male,18_37 placebo,Young placebo,Young_placebo_male,Young_placebo_male_post,Young.post,Hiseq.68,2017.00065,784F.1064R,V5.V6,Ran An,single,GH002.042.02,,23.56,male,Young_placebo_male_post,24.39,no,no,not_vegetarian,20,2,no,no,
GH002.043.01,GH002.043.01,biological,y,n,CTTGGCCT,CTTGGCCT,3,P,2017_0003,GH002,sub_43,43,18_37,Young,Young_male,placebo,pre,43,1,Young.baseline,YB_placebo,YB_placebo_male,18_37 placebo,Young placebo,Young_placebo_male,Young_placebo_male_pre,Young.baseline,HiSeq.1,2017.00066,784F.1064R,V5.V6,Ran An,paired,GH002.043.01,,22.31,male,Young_male_pre,22.9,no,Hay fever,not_vegetarian,8,2,no,Light asthma,
GH002.043.02,GH002.043.02,biological,y,n,GAACCGTT,GAACCGTT,3,P,2017_0003,GH002,sub_43,43,18_37,Young,Young_male,placebo,post,43,2,Young.placebo,YP_placebo,YP_placebo_male,18_37 placebo,Young placebo,Young_placebo_male,Young_placebo_male_post,Young.post,Hiseq.2,2017.00067,784F.1064R,V5.V6,Ran An,paired,GH002.043.02,,22.31,male,Young_placebo_male_post,22.9,no,Hay fever,not_vegetarian,8,2,no,Light asthma,
GH002.044.01,GH002.044.01,biological,n,n,GAAGCTCG,GAAGCTCG,3,P,2017_0003,GH002,sub_44,44,18_37,Young,Young_male,pectin,pre,44,1,Young.baseline,YB_pectin,YB_pectin_male,18_37 pectin,Young pectin,Young_pectin_male,Young_pectin_male_pre,Young.baseline,Hiseq.5,2017.00068,784F.1064R,V5.V6,Ran An,paired,GH002.044.01,,31.71,male,Young_male_pre,20.51,no,no,not_vegetarian,4,6,no,no,
GH002.044.02,GH002.044.02,biological,n,n,GATGCGCT,GATGCGCT,3,P,2017_0003,GH002,sub_44,44,18_37,Young,Young_male,pectin,post,44,2,Young.pectin,YP_pectin,YP_pectin_male,18_37 pectin,Young pectin,Young_pectin_male,Young_pectin_male_post,Young.post,Hiseq.6,2017.00069,784F.1064R,V5.V6,Ran An,paired,GH002.044.02,,31.71,male,Young_pectin_male_post,20.51,no,no,not_vegetarian,4,6,no,no,
GH002.045.01,GH002.045.01,biological,n,n,GCCAGGTT,GCCAGGTT,3,P,2017_0003,GH002,sub_45,45,18_37,Young,Young_male,placebo,pre,45,1,Young.baseline,YB_placebo,YB_placebo_male,18_37 placebo,Young placebo,Young_placebo_male,Young_placebo_male_pre,Young.baseline,Hiseq.13,2017.00072,784F.1064R,V5.V6,Ran An,paired,GH002.045.01,,19.79,male,Young_male_pre,25.9,no,"Hay fever, dust mites",not_vegetarian,4,7,no,no,
GH002.045.02,GH002.045.02,biological,n,n,GCCTTAAG,GCCTTAAG,3,P,2017_0003,GH002,sub_45,45,18_37,Young,Young_male,placebo,post,45,2,Young.placebo,YP_placebo,YP_placebo_male,18_37 placebo,Young placebo,Young_placebo_male,Young_placebo_male_post,Young.post,Hiseq.14,2017.00073,784F.1064R,V5.V6,Ran An,paired,GH002.045.02,,19.79,male,Young_placebo_male_post,25.9,no,"Hay fever, dust mites",not_vegetarian,4,7,no,no,
GH002.046.01,GH002.046.01,biological,y,n,GGAGTATG,GGAGTATG,3,P,2017_0003,GH002,sub_46,46,18_37,Young,Young_male,placebo,pre,46,1,Young.baseline,YB_placebo,YB_placebo_male,18_37 placebo,Young placebo,Young_placebo_male,Young_placebo_male_pre,Young.baseline,Hiseq.21,2017.00076,784F.1064R,V5.V6,Ran An,paired,GH002.046.01,,20.95,male,Young_male_pre,20.29,no,Hay fever,not_vegetarian,10,2,no,no,
GH002.046.02,GH002.046.02,biological,y,n,GGTACCAA,GGTACCAA,3,P,2017_0003,GH002,sub_46,46,18_37,Young,Young_male,placebo,post,46,2,Young.placebo,YP_placebo,YP_placebo_male,18_37 placebo,Young placebo,Young_placebo_male,Young_placebo_male_post,Young.post,Hiseq.22,2017.00077,784F.1064R,V5.V6,Ran An,paired,GH002.046.02,,20.95,male,Young_placebo_male_post,20.29,no,Hay fever,not_vegetarian,10,2,no,no,
GH002.047.01,GH002.047.01,biological,y,n,GTTAAGTT,GTTAAGTT,3,P,2017_0003,GH002,sub_47,47,18_37,Young,Young_male,pectin,pre,47,1,Young.baseline,YB_pectin,YB_pectin_male,18_37 pectin,Young pectin,Young_pectin_male,Young_pectin_male_pre,Young.baseline,Hiseq.29,2017.0008,784F.1064R,V5.V6,Ran An,paired,GH002.047.01,,23.02,male,Young_male_pre,20.35,no,no,not_vegetarian,4,9,no,no,
GH002.047.02,GH002.047.02,biological,y,n,GTTCTACG,GTTCTACG,3,P,2017_0003,GH002,sub_47,47,18_37,Young,Young_male,pectin,post,47,2,Young.pectin,YP_pectin,YP_pectin_male,18_37 pectin,Young pectin,Young_pectin_male,Young_pectin_male_post,Young.post,Hiseq.30,2017.00081,784F.1064R,V5.V6,Ran An,paired,GH002.047.02,,23.02,male,Young_pectin_male_post,20.35,no,no,not_vegetarian,4,9,no,no,
GH002.048.01,GH002.048.01,biological,y,y,TCATTCCG,TCATTCCG,3,P,2017_0003,GH002,sub_48,48,18_37,Young,Young_male,pectin,pre,48,1,Young.baseline,YB_pectin,YB_pectin_male,18_37 pectin,Young pectin,Young_pectin_male,Young_pectin_male_pre,Young.baseline,Hiseq.35,2017.00082,784F.1064R,V5.V6,Ran An,paired,GH002.048.01,,19.96,male,Young_male_pre,20.58,no,no,not_vegetarian,4,0,no,no,
GH002.048.02,GH002.048.02,biological,y,y,TCCGTATA,TCCGTATA,3,P,2017_0003,GH002,sub_48,48,18_37,Young,Young_male,pectin,post,48,2,Young.pectin,YP_pectin,YP_pectin_male,18_37 pectin,Young pectin,Young_pectin_male,Young_pectin_male_post,Young.post,Hiseq.36,2017.00083,784F.1064R,V5.V6,Ran An,paired,GH002.048.02,,19.96,male,Young_pectin_male_post,20.58,no,no,not_vegetarian,4,0,no,no,
GH002.049.01,GH002.049.01,biological,y,n,TTAGGATG,TTAGGATG,2,P,2017_0002,GH002,sub_49,49,18_37,Young,Young_male,pectin,pre,49,1,Young.baseline,YB_pectin,YB_pectin_male,18_37 pectin,Young pectin,Young_pectin_male,Young_pectin_male_pre,Young.baseline,Hiseq.44,2017.00086,784F.1064R,V5.V6,Ran An,paired,GH002.049.01,"Alleen geen Ussing, inclusie YO-52 als gevolg",20.94,male,Young_male_pre,24.33,no,no,not_vegetarian,5,0,no,no,
GH002.049.02,GH002.049.02,biological,y,n,TTGACTAG,TTGACTAG,2,P,2017_0002,GH002,sub_49,49,18_37,Young,Young_male,pectin,post,49,2,Young.pectin,YP_pectin,YP_pectin_male,18_37 pectin,Young pectin,Young_pectin_male,Young_pectin_male_post,Young.post,Hiseq.45,2017.00087,784F.1064R,V5.V6,Ran An,paired,GH002.049.02,"Alleen geen Ussing, inclusie YO-52 als gevolg",20.94,male,Young_pectin_male_post,24.33,no,no,not_vegetarian,5,0,no,no,
GH002.050.01,GH002.050.01,biological,y,n,TCGATATT,TCGATATT,3,P,2017_0003,GH002,sub_50,50,18_37,Young,Young_male,placebo,pre,50,1,Young.baseline,YB_placebo,YB_placebo_male,18_37 placebo,Young placebo,Young_placebo_male,Young_placebo_male_pre,Young.baseline,Hiseq.48,2017.00088,784F.1064R,V5.V6,Ran An,paired,GH002.050.01,,36.82,male,Young_male_pre,29.35,no,no,not_vegetarian,2,5,no,no,
GH002.050.02,GH002.050.02,biological,y,n,TCTATTCG,TCTATTCG,3,P,2017_0003,GH002,sub_50,50,18_37,Young,Young_male,placebo,post,50,2,Young.placebo,YP_placebo,YP_placebo_male,18_37 placebo,Young placebo,Young_placebo_male,Young_placebo_male_post,Young.post,Hiseq.49,2017.00089,784F.1064R,V5.V6,Ran An,paired,GH002.050.02,,36.82,male,Young_placebo_male_post,29.35,no,no,not_vegetarian,2,5,no,no,
GH002.051.01,GH002.051.01,biological,y,n,TGACTCAA,TGACTCAA,3,P,2017_0003,GH002,sub_51,51,18_37,Young,Young_female,placebo,pre,51,1,Young.baseline,YB_placebo,YB_placebo_female,18_37 placebo,Young placebo,Young_placebo_female,Young_placebo_female_pre,Young.baseline,Hiseq.60,2017.00096,784F.1064R,V5.V6,Ran An,paired,GH002.051.01,,19.19,female,Young_female_pre,23.47,no,no,not_vegetarian,5,0,no,no,
GH002.051.02,GH002.051.02,biological,y,n,TGATCTCA,TGATCTCA,3,P,2017_0003,GH002,sub_51,51,18_37,Young,Young_female,placebo,post,51,2,Young.placebo,YP_placebo,YP_placebo_female,18_37 placebo,Young placebo,Young_placebo_female,Young_placebo_female_post,Young.post,Hiseq.61,2017.00097,784F.1064R,V5.V6,Ran An,paired,GH002.051.02,,19.19,female,Young_placebo_female_post,23.47,no,no,not_vegetarian,5,0,no,no,
GH002.052.01,GH002.052.01,biological,y,n,TGGTATGA,TGGTATGA,3,P,2017_0003,GH002,sub_52,52,18_37,Young,Young_female,pectin,pre,52,1,Young.baseline,YB_pectin,YB_pectin_female,18_37 pectin,Young pectin,Young_pectin_female,Young_pectin_female_pre,Young.baseline,Hiseq.62,2017.00098,784F.1064R,V5.V6,Ran An,paired,GH002.052.01,,20.56,female,Young_female_pre,20.17,no,no,not_vegetarian,4,2,no,no,
GH002.052.02,GH002.052.02,biological,y,n,TTAGGATG,TTAGGATG,3,P,2017_0003,GH002,sub_52,52,18_37,Young,Young_female,pectin,post,52,2,Young.pectin,YP_pectin,YP_pectin_female,18_37 pectin,Young pectin,Young_pectin_female,Young_pectin_female_post,Young.post,Hiseq.63,2017.00099,784F.1064R,V5.V6,Ran An,paired,GH002.052.02,,20.56,female,Young_pectin_female_post,20.17,no,no,not_vegetarian,4,2,no,no,
GH002.053.01,GH002.053.01,biological,n,n,AACGGCGC,AACGGCGC,1,P,2017_0001,GH002,sub_53,53,70+,Elderly,Elderly_male,placebo,pre,53,1,Elderly.baseline,EB_placebo,EB_placebo_male,70+ placebo,Elderly placebo,Elderly_placebo_male,Elderly_placebo_male_pre,Elderly.baseline,Hiseq.14,2017.00108,784F.1064R,V5.V6,Ran An,paired,GH002.053.01,,71.56,male,Elderly_male_pre,27.19,no,no,not_vegetarian,14,0,no,no,
GH002.053.02,GH002.053.02,biological,n,n,AAGGAGCG,AAGGAGCG,1,P,2017_0001,GH002,sub_53,53,70+,Elderly,Elderly_male,placebo,post,53,2,Elderly.placebo,EP_placebo,EP_placebo_male,70+ placebo,Elderly placebo,Elderly_placebo_male,Elderly_placebo_male_post,Elderly.post,Hiseq.15,2017.00109,784F.1064R,V5.V6,Ran An,paired,GH002.053.02,,71.56,male,Elderly_placebo_male_post,27.19,no,no,not_vegetarian,14,0,no,no,
GH002.054.01,GH002.054.01,biological,y,y,ACGCTCGC,ACGCTCGC,1,P,2017_0001,GH002,sub_54,54,65_69.9,Elderly,Elderly_male,pectin,pre,54,1,Elderly.baseline,EB_pectin,EB_pectin_male,65_69.9 pectin,Elderly pectin,Elderly_pectin_male,Elderly_pectin_male_pre,Elderly.baseline,Hiseq.65,2017.00168,784F.1064R,V5.V6,Ran An,multi,GH002.054.01,,69.07,male,Elderly_male_pre,24.86,no,no,not_vegetarian,14,8,"omega 3, magnesium",no,
GH002.054.02,GH002.054.02,biological,y,y,AGACCTGC,AGACCTGC,1,P,2017_0001,GH002,sub_54,54,65_69.9,Elderly,Elderly_male,pectin,post,54,2,Elderly.pectin,EP_pectin,EP_pectin_male,65_69.9 pectin,Elderly pectin,Elderly_pectin_male,Elderly_pectin_male_post,Elderly.post,Hiseq.66,2017.00169,784F.1064R,V5.V6,Ran An,multi,GH002.054.02,,69.07,male,Elderly_pectin_male_post,24.86,no,no,not_vegetarian,14,8,"omega 3, magnesium",no,
GH002.055.01,GH002.055.01,biological,y,y,AGGTCGAA,AGGTCGAA,1,P,2017_0001,GH002,sub_55,55,70+,Elderly,Elderly_male,placebo,pre,55,1,Elderly.baseline,EB_placebo,EB_placebo_male,70+ placebo,Elderly placebo,Elderly_placebo_male,Elderly_placebo_male_pre,Elderly.baseline,Hiseq.22,2017.00146,784F.1064R,V5.V6,Ran An,paired,GH002.055.01,,70.49,male,Elderly_male_pre,26.43,"Tamsolusine 1x per 2 days, selektine (10 mg)",no,not_vegetarian,9,5,no,no,
GH002.055.02,GH002.055.02,biological,y,y,AGGTTATG,AGGTTATG,1,P,2017_0001,GH002,sub_55,55,70+,Elderly,Elderly_male,placebo,post,55,2,Elderly.placebo,EP_placebo,EP_placebo_male,70+ placebo,Elderly placebo,Elderly_placebo_male,Elderly_placebo_male_post,Elderly.post,Hiseq.23,2017.00147,784F.1064R,V5.V6,Ran An,paired,GH002.055.02,,70.49,male,Elderly_placebo_male_post,26.43,"Tamsolusine 1x per 2 days, selektine (10 mg)",no,not_vegetarian,9,5,no,no,
GH002.056.01,GH002.056.01,biological,y,y,AGTTATGC,AGTTATGC,1,P,2017_0001,GH002,sub_56,56,70+,Elderly,Elderly_male,pectin,pre,56,1,Elderly.baseline,EB_pectin,EB_pectin_male,70+ pectin,Elderly pectin,Elderly_pectin_male,Elderly_pectin_male_pre,Elderly.baseline,Hiseq.36,2017.00152,784F.1064R,V5.V6,Ran An,paired,GH002.056.01,,74.37,male,Elderly_male_pre,27.12,Tamsolusine 1x per 3 days,no,not_vegetarian,0,5,no,no,
GH002.056.02,GH002.056.02,biological,y,y,ATATCCGC,ATATCCGC,1,P,2017_0001,GH002,sub_56,56,70+,Elderly,Elderly_male,pectin,post,56,2,Elderly.pectin,EP_pectin,EP_pectin_male,70+ pectin,Elderly pectin,Elderly_pectin_male,Elderly_pectin_male_post,Elderly.post,Hiseq.37,2017.00153,784F.1064R,V5.V6,Ran An,paired,GH002.056.02,,74.37,male,Elderly_pectin_male_post,27.12,Tamsolusine 1x per 3 days,no,not_vegetarian,0,5,no,no,
GH002.057.01,GH002.057.01,biological,y,y,CAACCTCT,CAACCTCT,1,P,2017_0001,GH002,sub_57,57,65_69.9,Elderly,Elderly_female,pectin,pre,57,1,Elderly.baseline,EB_pectin,EB_pectin_female,65_69.9 pectin,Elderly pectin,Elderly_pectin_female,Elderly_pectin_female_pre,Elderly.baseline,Hiseq.66,2017.00169,784F.1064R,V5.V6,Ran An,multi,GH002.057.01,,66.48,female,Elderly_female_pre,24.07,no,no,not_vegetarian,12,4,no,no,
GH002.057.02,GH002.057.02,biological,y,y,CAACGAGG,CAACGAGG,1,P,2017_0001,GH002,sub_57,57,65_69.9,Elderly,Elderly_female,pectin,post,57,2,Elderly.pectin,EP_pectin,EP_pectin_female,65_69.9 pectin,Elderly pectin,Elderly_pectin_female,Elderly_pectin_female_post,Elderly.post,Hiseq.33,2017.00184,784F.1064R,V5.V6,Ran An,paired,GH002.057.02,,66.48,female,Elderly_pectin_female_post,24.07,no,no,not_vegetarian,12,4,no,no,
GH002.058.01,GH002.058.01,biological,y,y,CATTGCCA,CATTGCCA,1,P,2017_0001,GH002,sub_58,58,65_69.9,Elderly,Elderly_female,placebo,pre,58,1,Elderly.baseline,EB_placebo,EB_placebo_female,65_69.9 placebo,Elderly placebo,Elderly_placebo_female,Elderly_placebo_female_pre,Elderly.baseline,Hiseq.34,2017.00185,784F.1064R,V5.V6,Ran An,paired,GH002.058.01,,69.43,female,Elderly_female_pre,24.09,Omeprazol 1x per 2 months,Hay fever,not_vegetarian,0,8,no,no,
GH002.058.02,GH002.058.02,biological,y,y,CCATGCGC,CCATGCGC,1,P,2017_0001,GH002,sub_58,58,65_69.9,Elderly,Elderly_female,placebo,post,58,2,Elderly.placebo,EP_placebo,EP_placebo_female,65_69.9 placebo,Elderly placebo,Elderly_placebo_female,Elderly_placebo_female_post,Elderly.post,Hiseq.46,2017.0019,784F.1064R,V5.V6,Ran An,paired,GH002.058.02,,69.43,female,Elderly_placebo_female_post,24.09,Omeprazol 1x per 2 months,Hay fever,not_vegetarian,0,8,no,no,
GH002.059.01,GH002.059.01,biological,y,n,CCGTCTGC,CCGTCTGC,1,P,2017_0001,GH002,sub_59,59,65_69.9,Elderly,Elderly_female,placebo,pre,59,1,Elderly.baseline,EB_placebo,EB_placebo_female,65_69.9 placebo,Elderly placebo,Elderly_placebo_female,Elderly_placebo_female_pre,Elderly.baseline,Hiseq.47,2017.00191,784F.1064R,V5.V6,Ran An,paired,GH002.059.01,,67.27,female,Elderly_female_pre,21.17,no,no,vegetarian,7,20,no,no,
GH002.059.02,GH002.059.02,biological,y,n,CGCAAGCT,CGCAAGCT,1,P,2017_0001,GH002,sub_59,59,65_69.9,Elderly,Elderly_female,placebo,post,59,2,Elderly.placebo,EP_placebo,EP_placebo_female,65_69.9 placebo,Elderly placebo,Elderly_placebo_female,Elderly_placebo_female_post,Elderly.post,Hiseq.58,2017.00196,784F.1064R,V5.V6,Ran An,paired,GH002.059.02,,67.27,female,Elderly_placebo_female_post,21.17,no,no,vegetarian,7,20,no,no,
GH002.060.01,GH002.060.01,biological,y,y,CTCAGCGC,CTCAGCGC,1,P,2017_0001,GH002,sub_60,60,65_69.9,Elderly,Elderly_male,pectin,pre,60,1,Elderly.baseline,EB_pectin,EB_pectin_male,65_69.9 pectin,Elderly pectin,Elderly_pectin_male,Elderly_pectin_male_pre,Elderly.baseline,Hiseq.59,2017.00197,784F.1064R,V5.V6,Ran An,paired,GH002.060.01,,65.09,male,Elderly_male_pre,23.51,no,no,not_vegetarian,14,4.5,no,Musclespasm,Try to loose weight
GH002.060.02,GH002.060.02,biological,y,y,CTGCTGAA,CTGCTGAA,1,P,2017_0001,GH002,sub_60,60,65_69.9,Elderly,Elderly_male,pectin,post,60,2,Elderly.pectin,EP_pectin,EP_pectin_male,65_69.9 pectin,Elderly pectin,Elderly_pectin_male,Elderly_pectin_male_post,Elderly.post,Hiseq.3,2017.00102,784F.1064R,V5.V6,Ran An,paired,GH002.060.02,,65.09,male,Elderly_pectin_male_post,23.51,no,no,not_vegetarian,14,4.5,no,Musclespasm,Try to loose weight
GH002.061.01,GH002.061.01,biological,y,n,GAACCGTT,GAACCGTT,1,P,2017_0001,GH002,sub_61,61,70+,Elderly,Elderly_male,placebo,pre,61,1,Elderly.baseline,EB_placebo,EB_placebo_male,70+ placebo,Elderly placebo,Elderly_placebo_male,Elderly_placebo_male_pre,Elderly.baseline,Hiseq.40,2017.00156,784F.1064R,V5.V6,Ran An,paired,GH002.061.01,,73.05,male,Elderly_male_pre,29.89,"Esomeprazol 40 mg per day,  14-08-15 till 20-08-15 pantoprazol instead of esomeprazol",no,not_vegetarian,20,3,no,no,
GH002.061.02,GH002.061.02,biological,y,n,GAACGTAT,GAACGTAT,1,P,2017_0001,GH002,sub_61,61,70+,Elderly,Elderly_male,placebo,post,61,2,Elderly.placebo,EP_placebo,EP_placebo_male,70+ placebo,Elderly placebo,Elderly_placebo_male,Elderly_placebo_male_post,Elderly.post,Hiseq.41,2017.00157,784F.1064R,V5.V6,Ran An,paired,GH002.061.02,,73.05,male,Elderly_placebo_male_post,29.89,"Esomeprazol 40 mg per day,  14-08-15 till 20-08-15 pantoprazol instead of esomeprazol",no,not_vegetarian,20,3,no,no,
GH002.062.01,GH002.062.01,biological,n,n,GAGTTATA,GAGTTATA,1,P,2017_0001,GH002,sub_62,62,65_69.9,Elderly,Elderly_male,pectin,pre,62,1,Elderly.baseline,EB_pectin,EB_pectin_male,65_69.9 pectin,Elderly pectin,Elderly_pectin_male,Elderly_pectin_male_pre,Elderly.baseline,Hiseq.4,2017.00103,784F.1064R,V5.V6,Ran An,paired,GH002.062.01,,68.01,male,Elderly_male_pre,28.67,Simvastatine 40 mg per day,no,not_vegetarian,2,5,no,Neuropathy legs,
GH002.062.02,GH002.062.02,biological,n,n,GATGAATG,GATGAATG,1,P,2017_0001,GH002,sub_62,62,65_69.9,Elderly,Elderly_male,pectin,post,62,2,Elderly.pectin,EP_pectin,EP_pectin_male,65_69.9 pectin,Elderly pectin,Elderly_pectin_male,Elderly_pectin_male_post,Elderly.post,Hiseq.11,2017.00106,784F.1064R,V5.V6,Ran An,paired,GH002.062.02,,68.01,male,Elderly_pectin_male_post,28.67,Simvastatine 40 mg per day,no,not_vegetarian,2,5,no,Neuropathy legs,
GH002.063.01,GH002.063.01,biological,y,y,GCCAGGTT,GCCAGGTT,1,P,2017_0001,GH002,sub_63,63,65_69.9,Elderly,Elderly_male,placebo,pre,63,1,Elderly.baseline,EB_placebo,EB_placebo_male,65_69.9 placebo,Elderly placebo,Elderly_placebo_male,Elderly_placebo_male_pre,Elderly.baseline,Hiseq.12,2017.00107,784F.1064R,V5.V6,Ran An,paired,GH002.063.01,,68.01,male,Elderly_male_pre,28.67,Simvastatine 40 mg per day,no,not_vegetarian,2,5,no,Neuropathy legs,
GH002.063.02,GH002.063.02,biological,y,y,GCCTTAAG,GCCTTAAG,1,P,2017_0001,GH002,sub_63,63,65_69.9,Elderly,Elderly_male,placebo,post,63,2,Elderly.placebo,EP_placebo,EP_placebo_male,65_69.9 placebo,Elderly placebo,Elderly_placebo_male,Elderly_placebo_male_post,Elderly.post,Hiseq.36,2017.00118,784F.1064R,V5.V6,Ran An,paired,GH002.063.02,,68.01,male,Elderly_placebo_male_post,28.67,Simvastatine 40 mg per day,no,not_vegetarian,2,5,no,Neuropathy legs,
GH002.064.01,GH002.064.01,biological,y,y,GGAGTATG,GGAGTATG,1,P,2017_0001,GH002,sub_64,64,65_69.9,Elderly,Elderly_male,placebo,pre,64,1,Elderly.baseline,EB_placebo,EB_placebo_male,65_69.9 placebo,Elderly placebo,Elderly_placebo_male,Elderly_placebo_male_pre,Elderly.baseline,Hiseq.37,2017.00119,784F.1064R,V5.V6,Ran An,paired,GH002.064.01,,67.35,male,Elderly_male_pre,28.54,no,no,not_vegetarian,20,1,no,no,
GH002.064.02.lib1.b49,GH002.064.02.lib1.b49,biological_rep,y,y,GGTACCAA,GGTACCAA,1,P,2017_0001,GH002,sub_64,64,65_69.9,Elderly,Elderly_male,placebo,post,64,2,Elderly.placebo,EP_placebo,EP_placebo_male,65_69.9 placebo,Elderly placebo,Elderly_placebo_male,Elderly_placebo_male_post,Elderly.post,Hiseq.56,2017.00128,784F.1064R,V5.V6,Ran An,paired,GH002.064.02.lib1.b49,,67.35,male,Elderly_placebo_male_post,28.54,no,no,not_vegetarian,20,1,no,no,
GH002.064.02.lib1.b70,GH002.064.02.lib1.b70,biological_rep,y,y,TTGCATAT,TTGCATAT,1,P,2017_0001,GH002,sub_64,64,65_69.9,Elderly,Elderly_male,placebo,post,64,2,Elderly.placebo,EP_placebo,EP_placebo_male,65_69.9 placebo,Elderly placebo,Elderly_placebo_male,Elderly_placebo_male_post,Elderly.post,Hiseq.57,2017.00129,784F.1064R,V5.V6,Ran An,paired,GH002.064.02.lib1.b70,,67.35,male,Elderly_placebo_male_post,28.54,no,no,not_vegetarian,20,1,no,no,
GH002.064.02.lib2.b42,GH002.064.02.lib2.b42,biological_rep,y,y,GATGATAA,GATGATAA,2,P,2017_0002,GH002,sub_64,64,65_69.9,Elderly,Elderly_male,placebo,post,64,2,Elderly.placebo,EP_placebo,EP_placebo_male,65_69.9 placebo,Elderly placebo,Elderly_placebo_male,Elderly_placebo_male_post,Elderly.post,Hiseq.60,2017.0013,784F.1064R,V5.V6,Ran An,paired,GH002.064.02.lib2.b42,,67.35,male,Elderly_placebo_male_post,28.54,no,no,not_vegetarian,20,1,no,no,
GH002.064.02.lib2.b70,GH002.064.02.lib2.b70,biological_rep,y,y,TTGCATAT,TTGCATAT,2,P,2017_0002,GH002,sub_64,64,65_69.9,Elderly,Elderly_male,placebo,post,64,2,Elderly.placebo,EP_placebo,EP_placebo_male,65_69.9 placebo,Elderly placebo,Elderly_placebo_male,Elderly_placebo_male_post,Elderly.post,Hiseq.61,2017.00131,784F.1064R,V5.V6,Ran An,paired,GH002.064.02.lib2.b70,,67.35,male,Elderly_placebo_male_post,28.54,no,no,not_vegetarian,20,1,no,no,
GH002.064.02.lib3.b70,GH002.064.02.lib3.b70,biological_rep,y,y,TTGCATAT,TTGCATAT,3,P,2017_0003,GH002,sub_64,64,65_69.9,Elderly,Elderly_male,placebo,post,64,2,Elderly.placebo,EP_placebo,EP_placebo_male,65_69.9 placebo,Elderly placebo,Elderly_placebo_male,Elderly_placebo_male_post,Elderly.post,Hiseq.3,2017.00136,784F.1064R,V5.V6,Ran An,paired,GH002.064.02.lib3.b70,,67.35,male,Elderly_placebo_male_post,28.54,no,no,not_vegetarian,20,1,no,no,
GH002.065.01,GH002.065.01,biological,y,y,GTTAAGTT,GTTAAGTT,1,P,2017_0001,GH002,sub_65,65,65_69.9,Elderly,Elderly_male,pectin,pre,65,1,Elderly.baseline,EB_pectin,EB_pectin_male,65_69.9 pectin,Elderly pectin,Elderly_pectin_male,Elderly_pectin_male_pre,Elderly.baseline,Hiseq.4,2017.00137,784F.1064R,V5.V6,Ran An,paired,GH002.065.01,,66.17,male,Elderly_male_pre,29.1,Propranolol 80 mg per day,no,not_vegetarian,2,3,no,"Axillary dissection 2002, edema in one arm",
GH002.065.02,GH002.065.02,biological,y,y,GTTCTACG,GTTCTACG,1,P,2017_0001,GH002,sub_65,65,65_69.9,Elderly,Elderly_male,pectin,post,65,2,Elderly.pectin,EP_pectin,EP_pectin_male,65_69.9 pectin,Elderly pectin,Elderly_pectin_male,Elderly_pectin_male_post,Elderly.post,Hiseq.38,2017.00154,784F.1064R,V5.V6,Ran An,paired,GH002.065.02,,66.17,male,Elderly_pectin_male_post,29.1,Propranolol 80 mg per day,no,not_vegetarian,2,3,no,"Axillary dissection 2002, edema in one arm",
GH002.066.01,GH002.066.01,biological,y,y,TCATTCCG,TCATTCCG,1,P,2017_0001,GH002,sub_66,66,70+,Elderly,Elderly_male,placebo,pre,66,1,Elderly.baseline,EB_placebo,EB_placebo_male,70+ placebo,Elderly placebo,Elderly_placebo_male,Elderly_placebo_male_pre,Elderly.baseline,Hiseq.51,2017.00162,784F.1064R,V5.V6,Ran An,paired,GH002.066.01,,73.81,male,Elderly_male_pre,28.07,Duspatal retard 200 mg per day,Cats and dogs,vegetarian,10,10,"magnesium, calcium, vit b2, b3, d, e, fish oil",arthrose,
GH002.066.02,GH002.066.02,biological,y,y,TCCGTATA,TCCGTATA,1,P,2017_0001,GH002,sub_66,66,70+,Elderly,Elderly_male,placebo,post,66,2,Elderly.placebo,EP_placebo,EP_placebo_male,70+ placebo,Elderly placebo,Elderly_placebo_male,Elderly_placebo_male_post,Elderly.post,Hiseq.52,2017.00163,784F.1064R,V5.V6,Ran An,paired,GH002.066.02,,73.81,male,Elderly_placebo_male_post,28.07,Duspatal retard 200 mg per day,Cats and dogs,vegetarian,10,10,"magnesium, calcium, vit b2, b3, d, e, fish oil",arthrose,
GH002.067.01,GH002.067.01,biological,y,n,TCGATATT,TCGATATT,1,P,2017_0001,GH002,sub_67,67,70+,Elderly,Elderly_female,placebo,pre,67,1,Elderly.baseline,EB_placebo,EB_placebo_female,70+ placebo,Elderly placebo,Elderly_placebo_female,Elderly_placebo_female_pre,Elderly.baseline,Hiseq.3,2017.0017,784F.1064R,V5.V6,Ran An,paired,GH002.067.01,,70.25,female,Elderly_female_pre,28.55,no,no,not_vegetarian,0,1,no,arthrose,
GH002.067.02,GH002.067.02,biological,y,n,TCTATTCG,TCTATTCG,1,P,2017_0001,GH002,sub_67,67,70+,Elderly,Elderly_female,placebo,post,67,2,Elderly.placebo,EP_placebo,EP_placebo_female,70+ placebo,Elderly placebo,Elderly_placebo_female,Elderly_placebo_female_post,Elderly.post,Hiseq.4,2017.00171,784F.1064R,V5.V6,Ran An,paired,GH002.067.02,,70.25,female,Elderly_placebo_female_post,28.55,no,no,not_vegetarian,0,1,no,arthrose,
GH002.068.01,GH002.068.01,biological,y,n,TGCCTGCG,TGCCTGCG,1,P,2017_0001,GH002,sub_68,68,65_69.9,Elderly,Elderly_male,pectin,pre,68,1,Elderly.baseline,EB_pectin,EB_pectin_male,65_69.9 pectin,Elderly pectin,Elderly_pectin_male,Elderly_pectin_male_pre,Elderly.baseline,Hiseq.39,2017.00155,784F.1064R,V5.V6,Ran An,paired,GH002.068.01,,68.7,male,Elderly_male_pre,25.07,Esomeprazol 40 mg per day ,no,not_vegetarian,20,7,no,no,
GH002.068.02,GH002.068.02,biological,y,n,TGGTAATT,TGGTAATT,1,P,2017_0001,GH002,sub_68,68,65_69.9,Elderly,Elderly_male,pectin,post,68,2,Elderly.pectin,EP_pectin,EP_pectin_male,65_69.9 pectin,Elderly pectin,Elderly_pectin_male,Elderly_pectin_male_post,Elderly.post,Hiseq.7,2017.00172,784F.1064R,V5.V6,Ran An,paired,GH002.068.02,,68.7,male,Elderly_pectin_male_post,25.07,Esomeprazol 40 mg per day ,no,not_vegetarian,20,7,no,no,
GH002.069.01,GH002.069.01,biological,y,y,TGCCTGCG,TGCCTGCG,3,P,2017_0003,GH002,sub_69,69,65_69.9,Elderly,Elderly_female,placebo,pre,69,1,Elderly.baseline,EB_placebo,EB_placebo_female,65_69.9 placebo,Elderly placebo,Elderly_placebo_female,Elderly_placebo_female_pre,Elderly.baseline,Hiseq.8,2017.00173,784F.1064R,V5.V6,Ran An,paired,GH002.069.01,,69.09,female,Elderly_female_pre,29.76,no,no,not_vegetarian,1,0,magnesium,no,
GH002.069.02,GH002.069.02,biological,y,y,TGGTAATT,TGGTAATT,3,P,2017_0003,GH002,sub_69,69,65_69.9,Elderly,Elderly_female,placebo,post,69,2,Elderly.placebo,EP_placebo,EP_placebo_female,65_69.9 placebo,Elderly placebo,Elderly_placebo_female,Elderly_placebo_female_post,Elderly.post,Hiseq.11,2017.00174,784F.1064R,V5.V6,Ran An,paired,GH002.069.02,,69.09,female,Elderly_placebo_female_post,29.76,no,no,not_vegetarian,1,0,magnesium,no,
GH002.070.01,GH002.070.01,biological,n,n,AACGGCGC,AACGGCGC,2,P,2017_0002,GH002,sub_70,70,70+,Elderly,Elderly_male,placebo,pre,70,1,Elderly.baseline,EB_placebo,EB_placebo_male,70+ placebo,Elderly placebo,Elderly_placebo_male,Elderly_placebo_male_pre,Elderly.baseline,Hiseq.27,2017.00182,784F.1064R,V5.V6,Ran An,paired,GH002.070.01,,71.52,male,Elderly_male_pre,26.69,no,no,not_vegetarian,10,0,no,vitiligo,
GH002.070.02,GH002.070.02,biological,n,n,AAGGAGCG,AAGGAGCG,2,P,2017_0002,GH002,sub_70,70,70+,Elderly,Elderly_male,placebo,post,70,2,Elderly.placebo,EP_placebo,EP_placebo_male,70+ placebo,Elderly placebo,Elderly_placebo_male,Elderly_placebo_male_post,Elderly.post,Hiseq.28,2017.00183,784F.1064R,V5.V6,Ran An,paired,GH002.070.02,,71.52,male,Elderly_placebo_male_post,26.69,no,no,not_vegetarian,10,0,no,vitiligo,
GH002.071.01,GH002.071.01,biological,y,n,ACGCTCGC,ACGCTCGC,2,P,2017_0002,GH002,sub_71,71,65_69.9,Elderly,Elderly_female,placebo,pre,71,1,Elderly.baseline,EB_placebo,EB_placebo_female,65_69.9 placebo,Elderly placebo,Elderly_placebo_female,Elderly_placebo_female_pre,Elderly.baseline,Hiseq.12,2017.00175,784F.1064R,V5.V6,Ran An,paired,GH002.071.01,,66.45,female,Elderly_female_pre,28.55,no,Diclofenac,not_vegetarian,1,9,no,no,
GH002.071.02,GH002.071.02,biological,y,n,AGACCTGC,AGACCTGC,2,P,2017_0002,GH002,sub_71,71,65_69.9,Elderly,Elderly_female,placebo,post,71,2,Elderly.placebo,EP_placebo,EP_placebo_female,65_69.9 placebo,Elderly placebo,Elderly_placebo_female,Elderly_placebo_female_post,Elderly.post,Hiseq.37,2017.00186,784F.1064R,V5.V6,Ran An,paired,GH002.071.02,,66.45,female,Elderly_placebo_female_post,28.55,no,Diclofenac,not_vegetarian,1,9,no,no,
GH002.072.01,GH002.072.01,biological,y,y,AGGTCGAA,AGGTCGAA,2,P,2017_0002,GH002,sub_72,72,65_69.9,Elderly,Elderly_female,placebo,pre,72,1,Elderly.baseline,EB_placebo,EB_placebo_female,65_69.9 placebo,Elderly placebo,Elderly_placebo_female,Elderly_placebo_female_pre,Elderly.baseline,Hiseq.38,2017.00187,784F.1064R,V5.V6,Ran An,paired,GH002.072.01,,65.67,female,Elderly_female_pre,26.26,no,no,not_vegetarian,14,9,"vit c, d",no,
GH002.072.02,GH002.072.02,biological,y,y,AGGTTATG,AGGTTATG,2,P,2017_0002,GH002,sub_72,72,65_69.9,Elderly,Elderly_female,placebo,post,72,2,Elderly.placebo,EP_placebo,EP_placebo_female,65_69.9 placebo,Elderly placebo,Elderly_placebo_female,Elderly_placebo_female_post,Elderly.post,Hiseq.41,2017.00188,784F.1064R,V5.V6,Ran An,paired,GH002.072.02,,65.67,female,Elderly_placebo_female_post,26.26,no,no,not_vegetarian,14,9,"vit c, d",no,
GH002.073.01,GH002.073.01,biological,y,n,ATATCCGC,ATATCCGC,2,P,2017_0002,GH002,sub_73,73,65_69.9,Elderly,Elderly_male,pectin,pre,73,1,Elderly.baseline,EB_pectin,EB_pectin_male,65_69.9 pectin,Elderly pectin,Elderly_pectin_male,Elderly_pectin_male_pre,Elderly.baseline,Hiseq.42,2017.00189,784F.1064R,V5.V6,Ran An,paired,GH002.073.01,,69.83,male,Elderly_male_pre,28.11,Citalopram 10 mg per day,no,vegetarian,15,2,vit b12,Light arthrose,
GH002.073.02,GH002.073.02,biological,y,n,ATGCCGGA,ATGCCGGA,2,P,2017_0002,GH002,sub_73,73,65_69.9,Elderly,Elderly_male,pectin,post,73,2,Elderly.pectin,EP_pectin,EP_pectin_male,65_69.9 pectin,Elderly pectin,Elderly_pectin_male,Elderly_pectin_male_post,Elderly.post,Hiseq.22,2017.00112,784F.1064R,V5.V6,Ran An,paired,GH002.073.02,,69.83,male,Elderly_pectin_male_post,28.11,Citalopram 10 mg per day,no,vegetarian,15,2,vit b12,Light arthrose,
GH002.074.01,GH002.074.01,biological,y,n,CAACGAGG,CAACGAGG,2,P,2017_0002,GH002,sub_74,74,65_69.9,Elderly,Elderly_male,pectin,pre,74,1,Elderly.baseline,EB_pectin,EB_pectin_male,65_69.9 pectin,Elderly pectin,Elderly_pectin_male,Elderly_pectin_male_pre,Elderly.baseline,Hiseq.23,2017.00113,784F.1064R,V5.V6,Ran An,paired,GH002.074.01,,68.25,male,Elderly_male_pre,27.13,no,no,not_vegetarian,5,5,no,no,
GH002.074.02,GH002.074.02,biological,y,n,CATAAGCG,CATAAGCG,2,P,2017_0002,GH002,sub_74,74,65_69.9,Elderly,Elderly_male,pectin,post,74,2,Elderly.pectin,EP_pectin,EP_pectin_male,65_69.9 pectin,Elderly pectin,Elderly_pectin_male,Elderly_pectin_male_post,Elderly.post,Hiseq.26,2017.00114,784F.1064R,V5.V6,Ran An,paired,GH002.074.02,,68.25,male,Elderly_pectin_male_post,27.13,no,no,not_vegetarian,5,5,no,no,
GH002.075.01,GH002.075.01,biological,y,y,CATTGCCA,CATTGCCA,2,P,2017_0002,GH002,sub_75,75,70+,Elderly,Elderly_male,pectin,pre,75,1,Elderly.baseline,EB_pectin,EB_pectin_male,70+ pectin,Elderly pectin,Elderly_pectin_male,Elderly_pectin_male_pre,Elderly.baseline,Hiseq.50,2017.00192,784F.1064R,V5.V6,Ran An,paired,GH002.075.01,,75,male,Elderly_male_pre,29.66,Metoprolol 50 mg per day,Dust mites,not_vegetarian,20,5,no,"Colon polyp 2009, prostate cancer 2010",
GH002.075.02,GH002.075.02,biological,y,y,CCATGCGC,CCATGCGC,2,P,2017_0002,GH002,sub_75,75,70+,Elderly,Elderly_male,pectin,post,75,2,Elderly.pectin,EP_pectin,EP_pectin_male,70+ pectin,Elderly pectin,Elderly_pectin_male,Elderly_pectin_male_post,Elderly.post,Hiseq.51,2017.00193,784F.1064R,V5.V6,Ran An,paired,GH002.075.02,,75,male,Elderly_pectin_male_post,29.66,Metoprolol 50 mg per day,Dust mites,not_vegetarian,20,5,no,"Colon polyp 2009, prostate cancer 2010",
GH002.076.01,GH002.076.01,biological,y,n,CCGTCTGC,CCGTCTGC,2,P,2017_0002,GH002,sub_76,76,65_69.9,Elderly,Elderly_male,placebo,pre,76,1,Elderly.baseline,EB_placebo,EB_placebo_male,65_69.9 placebo,Elderly placebo,Elderly_placebo_male,Elderly_placebo_male_pre,Elderly.baseline,Hiseq.27,2017.00115,784F.1064R,V5.V6,Ran An,paired,GH002.076.01,,67.85,male,Elderly_male_pre,26.61,no,no,not_vegetarian,2,5,vit b12,no,
GH002.076.02,GH002.076.02,biological,y,n,CGCAAGCT,CGCAAGCT,2,P,2017_0002,GH002,sub_76,76,65_69.9,Elderly,Elderly_male,placebo,post,76,2,Elderly.placebo,EP_placebo,EP_placebo_male,65_69.9 placebo,Elderly placebo,Elderly_placebo_male,Elderly_placebo_male_post,Elderly.post,Hiseq.44,2017.00122,784F.1064R,V5.V6,Ran An,paired,GH002.076.02,,67.85,male,Elderly_placebo_male_post,26.61,no,no,not_vegetarian,2,5,vit b12,no,
GH002.077.01,GH002.077.01,biological,y,y,CTCAGCGC,CTCAGCGC,2,P,2017_0002,GH002,sub_77,77,65_69.9,Elderly,Elderly_male,placebo,pre,77,1,Elderly.baseline,EB_placebo,EB_placebo_male,65_69.9 placebo,Elderly placebo,Elderly_placebo_male,Elderly_placebo_male_pre,Elderly.baseline,Hiseq.45,2017.00123,784F.1064R,V5.V6,Ran An,paired,GH002.077.01,,66.9,male,Elderly_male_pre,28.54,no,no,not_vegetarian,6,5,no,no,
GH002.077.02,GH002.077.02,biological,y,y,CTGCTGAA,CTGCTGAA,2,P,2017_0002,GH002,sub_77,77,65_69.9,Elderly,Elderly_male,placebo,post,77,2,Elderly.placebo,EP_placebo,EP_placebo_male,65_69.9 placebo,Elderly placebo,Elderly_placebo_male,Elderly_placebo_male_post,Elderly.post,Hiseq.48,2017.00124,784F.1064R,V5.V6,Ran An,multi,GH002.077.02,,66.9,male,Elderly_placebo_male_post,28.54,no,no,not_vegetarian,6,5,no,no,
GH002.078.01,GH002.078.01,biological,y,n,GAACCGTT,GAACCGTT,2,P,2017_0002,GH002,sub_78,78,70+,Elderly,Elderly_male,pectin,pre,78,1,Elderly.baseline,EB_pectin,EB_pectin_male,70+ pectin,Elderly pectin,Elderly_pectin_male,Elderly_pectin_male_pre,Elderly.baseline,Hiseq.54,2017.00194,784F.1064R,V5.V6,Ran An,paired,GH002.078.01,,72.25,male,Elderly_male_pre,24.04,no,no,not_vegetarian,5,7,no,no,
GH002.078.02,GH002.078.02,biological,y,n,GAACGTAT,GAACGTAT,2,P,2017_0002,GH002,sub_78,78,70+,Elderly,Elderly_male,pectin,post,78,2,Elderly.pectin,EP_pectin,EP_pectin_male,70+ pectin,Elderly pectin,Elderly_pectin_male,Elderly_pectin_male_post,Elderly.post,Hiseq.55,2017.00195,784F.1064R,V5.V6,Ran An,paired,GH002.078.02,,72.25,male,Elderly_pectin_male_post,24.04,no,no,not_vegetarian,5,7,no,no,
GH002.079.01,GH002.079.01,biological,n,n,GAACTAAG,GAACTAAG,2,P,2017_0002,GH002,sub_79,79,70+,Elderly,Elderly_female,placebo,pre,79,1,Elderly.baseline,EB_placebo,EB_placebo_female,70+ placebo,Elderly placebo,Elderly_placebo_female,Elderly_placebo_female_pre,Elderly.baseline,Hiseq.7,2017.00104,784F.1064R,V5.V6,Ran An,paired,GH002.079.01,,74.89,female,Elderly_female_pre,25.44,Esomeprazol 20 mg per day,Penicilline ointment,not_vegetarian,20,1.5,no,"Arthrose, osteoporose",
GH002.079.02,GH002.079.02,biological,n,n,GAAGCTCG,GAAGCTCG,2,P,2017_0002,GH002,sub_79,79,70+,Elderly,Elderly_female,placebo,post,79,2,Elderly.placebo,EP_placebo,EP_placebo_female,70+ placebo,Elderly placebo,Elderly_placebo_female,Elderly_placebo_female_post,Elderly.post,Hiseq.8,2017.00105,784F.1064R,V5.V6,Ran An,paired,GH002.079.02,,74.89,female,Elderly_placebo_female_post,25.44,Esomeprazol 20 mg per day,Penicilline ointment,not_vegetarian,20,1.5,no,"Arthrose, osteoporose",
GH002.080.01,GH002.080.01,biological,y,n,GAGTTATA,GAGTTATA,2,P,2017_0002,GH002,sub_80,80,70+,Elderly,Elderly_female,pectin,pre,80,1,Elderly.baseline,EB_pectin,EB_pectin_female,70+ pectin,Elderly pectin,Elderly_pectin_female,Elderly_pectin_female_pre,Elderly.baseline,Hiseq.18,2017.0011,784F.1064R,V5.V6,Ran An,paired,GH002.080.01,,72.17,female,Elderly_female_pre,22.58,no,no,not_vegetarian,10,10,no,no,
GH002.080.02,GH002.080.02,biological,y,n,GATGAATG,GATGAATG,2,P,2017_0002,GH002,sub_80,80,70+,Elderly,Elderly_female,pectin,post,80,2,Elderly.pectin,EP_pectin,EP_pectin_female,70+ pectin,Elderly pectin,Elderly_pectin_female,Elderly_pectin_female_post,Elderly.post,Hiseq.19,2017.00111,784F.1064R,V5.V6,Ran An,paired,GH002.080.02,,72.17,female,Elderly_pectin_female_post,22.58,no,no,not_vegetarian,10,10,no,no,
GH002.081.01,GH002.081.01,biological,n,n,GATGCGCT,GATGCGCT,2,P,2017_0002,GH002,sub_81,81,65_69.9,Elderly,Elderly_male,pectin,pre,81,1,Elderly.baseline,EB_pectin,EB_pectin_male,65_69.9 pectin,Elderly pectin,Elderly_pectin_male,Elderly_pectin_male_pre,Elderly.baseline,Hiseq.49,2017.00125,784F.1064R,V5.V6,Ran An,multi,GH002.081.01,,67.5,male,Elderly_male_pre,23.16,Fisinopril 5 mg per day,no,not_vegetarian,7,10,no,no,
GH002.081.02,GH002.081.02,biological,n,n,GCCAGGTT,GCCAGGTT,2,P,2017_0002,GH002,sub_81,81,65_69.9,Elderly,Elderly_male,pectin,post,81,2,Elderly.pectin,EP_pectin,EP_pectin_male,65_69.9 pectin,Elderly pectin,Elderly_pectin_male,Elderly_pectin_male_post,Elderly.post,Hiseq.70,2017.00125,784F.1064R,V5.V6,Ran An,multi,GH002.081.02,,67.5,male,Elderly_pectin_male_post,23.16,Fisinopril 5 mg per day,no,not_vegetarian,7,10,no,no,
GH002.082.01,GH002.082.01,biological,y,y,GGAGCGCA,GGAGCGCA,2,P,2017_0002,GH002,sub_82,82,65_69.9,Elderly,Elderly_female,pectin,pre,82,1,Elderly.baseline,EB_pectin,EB_pectin_female,65_69.9 pectin,Elderly pectin,Elderly_pectin_female,Elderly_pectin_female_pre,Elderly.baseline,Hiseq.42,2017.00125,784F.1064R,V5.V6,Ran An,multi,GH002.082.01,,67.07,female,Elderly_female_pre,21.84,no,no,not_vegetarian,7,10,calcium,Colon polyp 2014,
GH002.082.02,GH002.082.02,biological,y,y,GGAGTATG,GGAGTATG,2,P,2017_0002,GH002,sub_82,82,65_69.9,Elderly,Elderly_female,pectin,post,82,2,Elderly.pectin,EP_pectin,EP_pectin_female,65_69.9 pectin,Elderly pectin,Elderly_pectin_female,Elderly_pectin_female_post,Elderly.post,Hiseq.70,2017.00125,784F.1064R,V5.V6,Ran An,multi,GH002.082.02,,67.07,female,Elderly_pectin_female_post,21.84,no,no,not_vegetarian,7,10,calcium,Colon polyp 2014,
GH002.083.01,GH002.083.01,biological,y,n,GTCCGCAA,GTCCGCAA,2,P,2017_0002,GH002,sub_83,83,70+,Elderly,Elderly_female,pectin,pre,83,1,Elderly.baseline,EB_pectin,EB_pectin_female,70+ pectin,Elderly pectin,Elderly_pectin_female,Elderly_pectin_female_pre,Elderly.baseline,Hiseq.30,2017.00116,784F.1064R,V5.V6,Ran An,paired,GH002.083.01,,71.08,female,Elderly_female_pre,24.89,no,no,not_vegetarian,14,6,vit d (stopt),no,
GH002.083.02,GH002.083.02,biological,y,n,GTTAAGTT,GTTAAGTT,2,P,2017_0002,GH002,sub_83,83,70+,Elderly,Elderly_female,pectin,post,83,2,Elderly.pectin,EP_pectin,EP_pectin_female,70+ pectin,Elderly pectin,Elderly_pectin_female,Elderly_pectin_female_post,Elderly.post,Hiseq.33,2017.00117,784F.1064R,V5.V6,Ran An,paired,GH002.083.02,,71.08,female,Elderly_pectin_female_post,24.89,no,no,not_vegetarian,14,6,vit d (stopt),no,
GH002.084.01,GH002.084.01,biological,y,y,TCAGCGAG,TCAGCGAG,2,P,2017_0002,GH002,sub_84,84,65_69.9,Elderly,Elderly_male,pectin,pre,84,1,Elderly.baseline,EB_pectin,EB_pectin_male,65_69.9 pectin,Elderly pectin,Elderly_pectin_male,Elderly_pectin_male_pre,Elderly.baseline,Hiseq.70,2017.00125,784F.1064R,V5.V6,Ran An,multi,GH002.084.01,,66.66,male,Elderly_male_pre,26.82,Allopurinol 100 mg per day,Brown patches,not_vegetarian,0,0,no,no,
GH002.084.02,GH002.084.02,biological,y,y,TCATTCCG,TCATTCCG,2,P,2017_0002,GH002,sub_84,84,65_69.9,Elderly,Elderly_male,pectin,post,84,2,Elderly.pectin,EP_pectin,EP_pectin_male,65_69.9 pectin,Elderly pectin,Elderly_pectin_male,Elderly_pectin_male_post,Elderly.post,Hiseq.64,2017.00134,784F.1064R,V5.V6,Ran An,paired,GH002.084.02,,66.66,male,Elderly_pectin_male_post,26.82,Allopurinol 100 mg per day,Brown patches,not_vegetarian,0,0,no,no,
GH002.085.01,GH002.085.01,biological,y,n,TCGAATAA,TCGAATAA,2,P,2017_0002,GH002,sub_85,85,65_69.9,Elderly,Elderly_male,placebo,pre,85,1,Elderly.baseline,EB_placebo,EB_placebo_male,65_69.9 placebo,Elderly placebo,Elderly_placebo_male,Elderly_placebo_male_pre,Elderly.baseline,Hiseq.65,2017.00135,784F.1064R,V5.V6,Ran An,paired,GH002.085.01,,69.87,male,Elderly_male_pre,23.99,"Cyress 10 mg per day, Vagexten 10 mg perday",no,not_vegetarian,14,4,no,no,
GH002.085.02,GH002.085.02,biological,y,n,TCGATATT,TCGATATT,2,P,2017_0002,GH002,sub_85,85,65_69.9,Elderly,Elderly_male,placebo,post,85,2,Elderly.placebo,EP_placebo,EP_placebo_male,65_69.9 placebo,Elderly placebo,Elderly_placebo_male,Elderly_placebo_male_post,Elderly.post,Hiseq.7,2017.00138,784F.1064R,V5.V6,Ran An,paired,GH002.085.02,,69.87,male,Elderly_placebo_male_post,23.99,"Cyress 10 mg per day, Vagexten 10 mg perday",no,not_vegetarian,14,4,no,no,
GH002.086.01,GH002.086.01,biological,y,n,TGGTAATT,TGGTAATT,2,P,2017_0002,GH002,sub_86,86,65_69.9,Elderly,Elderly_male,pectin,pre,86,1,Elderly.baseline,EB_pectin,EB_pectin_male,65_69.9 pectin,Elderly pectin,Elderly_pectin_male,Elderly_pectin_male_pre,Elderly.baseline,Hiseq.8,2017.00139,784F.1064R,V5.V6,Ran An,paired,GH002.086.01,,65.24,male,Elderly_male_pre,29.19,Pantoprazol 30 mg per day,no,not_vegetarian,20,4,glucosamin,no,
GH002.086.02.lib1.b66,GH002.086.02.lib1.b66,biological_rep,y,n,TGGTATGA,TGGTATGA,1,P,2017_0001,GH002,sub_86,86,65_69.9,Elderly,Elderly_male,pectin,post,86,2,Elderly.pectin,EP_pectin,EP_pectin_male,65_69.9 pectin,Elderly pectin,Elderly_pectin_male,Elderly_pectin_male_post,Elderly.post,Hiseq.11,2017.0014,784F.1064R,V5.V6,Ran An,paired,GH002.086.02.lib1.b66,,65.24,male,Elderly_pectin_male_post,29.19,Pantoprazol 30 mg per day,no,not_vegetarian,20,4,glucosamin,no,
GH002.086.02.lib2.b66,GH002.086.02.lib2.b66,biological_rep,y,n,TGGTATGA,TGGTATGA,2,P,2017_0002,GH002,sub_86,86,65_69.9,Elderly,Elderly_male,pectin,post,86,2,Elderly.pectin,EP_pectin,EP_pectin_male,65_69.9 pectin,Elderly pectin,Elderly_pectin_male,Elderly_pectin_male_post,Elderly.post,Hiseq.12,2017.00141,784F.1064R,V5.V6,Ran An,paired,GH002.086.02.lib2.b66,,65.24,male,Elderly_pectin_male_post,29.19,Pantoprazol 30 mg per day,no,not_vegetarian,20,4,glucosamin,no,
GH002.087.01,GH002.087.01,biological,y,n,AACGGCGC,AACGGCGC,3,P,2017_0003,GH002,sub_87,87,70+,Elderly,Elderly_male,pectin,pre,87,1,Elderly.baseline,EB_pectin,EB_pectin_male,70+ pectin,Elderly pectin,Elderly_pectin_male,Elderly_pectin_male_pre,Elderly.baseline,Hiseq.40,2017.0012,784F.1064R,V5.V6,Ran An,paired,GH002.087.01,,74.95,male,Elderly_male_pre,26.08,"Citalopram 1,5 mg per day",no,not_vegetarian,6,4,no,no,
GH002.087.02,GH002.087.02,biological,y,n,AAGGAGCG,AAGGAGCG,3,P,2017_0003,GH002,sub_87,87,70+,Elderly,Elderly_male,pectin,post,87,2,Elderly.pectin,EP_pectin,EP_pectin_male,70+ pectin,Elderly pectin,Elderly_pectin_male,Elderly_pectin_male_post,Elderly.post,Hiseq.41,2017.00121,784F.1064R,V5.V6,Ran An,paired,GH002.087.02,,74.95,male,Elderly_pectin_male_post,26.08,"Citalopram 1,5 mg per day",no,not_vegetarian,6,4,no,no,
GH002.088.01,GH002.088.01,biological,y,y,ACGCTCGC,ACGCTCGC,3,P,2017_0003,GH002,sub_88,88,70+,Elderly,Elderly_female,placebo,pre,88,1,Elderly.baseline,EB_placebo,EB_placebo_female,70+ placebo,Elderly placebo,Elderly_placebo_female,Elderly_placebo_female_pre,Elderly.baseline,Hiseq.52,2017.00126,784F.1064R,V5.V6,Ran An,paired,GH002.088.01,,69.96,female,Elderly_female_pre,25.89,no,Hay fever,not_vegetarian,1,1.5,vit d,no,
GH002.088.02,GH002.088.02,biological,y,y,AGACCTGC,AGACCTGC,3,P,2017_0003,GH002,sub_88,88,70+,Elderly,Elderly_female,placebo,post,88,2,Elderly.placebo,EP_placebo,EP_placebo_female,70+ placebo,Elderly placebo,Elderly_placebo_female,Elderly_placebo_female_post,Elderly.post,Hiseq.53,2017.00127,784F.1064R,V5.V6,Ran An,paired,GH002.088.02,,69.96,female,Elderly_placebo_female_post,25.89,no,Hay fever,not_vegetarian,1,1.5,vit d,no,
GH002.089.01,GH002.089.01,biological,n,n,AGGTCGAA,AGGTCGAA,3,P,2017_0003,GH002,sub_89,89,70+,Elderly,Elderly_male,placebo,pre,89,1,Elderly.baseline,EB_placebo,EB_placebo_male,70+ placebo,Elderly placebo,Elderly_placebo_male,Elderly_placebo_male_pre,Elderly.baseline,Hiseq.64,2017.00132,784F.1064R,V5.V6,Ran An,paired,GH002.089.01,,71.03,male,Elderly_male_pre,23.95,no,"Hay fever, dust  ",not_vegetarian,20,13,glucosamin,no,
GH002.089.02,GH002.089.02,biological,n,n,AGGTTATG,AGGTTATG,3,P,2017_0003,GH002,sub_89,89,70+,Elderly,Elderly_male,placebo,post,89,2,Elderly.placebo,EP_placebo,EP_placebo_male,70+ placebo,Elderly placebo,Elderly_placebo_male,Elderly_placebo_male_post,Elderly.post,Hiseq.65,2017.00133,784F.1064R,V5.V6,Ran An,paired,GH002.089.02,,71.03,male,Elderly_placebo_male_post,23.95,no,"Hay fever, dust  ",not_vegetarian,20,13,glucosamin,no,
GH002.090.01,GH002.090.01,biological,y,y,ATATCCGC,ATATCCGC,3,P,2017_0003,GH002,sub_90,90,65_69.9,Elderly,Elderly_female,placebo,pre,90,1,Elderly.baseline,EB_placebo,EB_placebo_female,65_69.9 placebo,Elderly placebo,Elderly_placebo_female,Elderly_placebo_female_pre,Elderly.baseline,Hiseq.26,2017.00148,784F.1064R,V5.V6,Ran An,paired,GH002.090.01,,68.51,female,Elderly_female_pre,20.31,no,Kokos,not_vegetarian,0,5,"magnesium, zinc, calcium, spirulina",no,
GH002.090.02,GH002.090.02,biological,y,y,ATGCCGGA,ATGCCGGA,3,P,2017_0003,GH002,sub_90,90,65_69.9,Elderly,Elderly_female,placebo,post,90,2,Elderly.placebo,EP_placebo,EP_placebo_female,65_69.9 placebo,Elderly placebo,Elderly_placebo_female,Elderly_placebo_female_post,Elderly.post,Hiseq.27,2017.00149,784F.1064R,V5.V6,Ran An,paired,GH002.090.02,,68.51,female,Elderly_placebo_female_post,20.31,no,Kokos,not_vegetarian,0,5,"magnesium, zinc, calcium, spirulina",no,
GH002.091.01,GH002.091.01,biological,n,n,CAACGAGG,CAACGAGG,3,P,2017_0003,GH002,sub_91,91,65_69.9,Elderly,Elderly_female,placebo,pre,91,1,Elderly.baseline,EB_placebo,EB_placebo_female,65_69.9 placebo,Elderly placebo,Elderly_placebo_female,Elderly_placebo_female_pre,Elderly.baseline,Hiseq.30,2017.0015,784F.1064R,V5.V6,Ran An,paired,GH002.091.01,,67.06,female,Elderly_female_pre,24.08,Spironolacton 50 mg per day,Brown patches,not_vegetarian,20,5,no,Light psoriasis,
GH002.091.02,GH002.091.02,biological,n,n,CATAAGCG,CATAAGCG,3,P,2017_0003,GH002,sub_91,91,65_69.9,Elderly,Elderly_female,placebo,post,91,2,Elderly.placebo,EP_placebo,EP_placebo_female,65_69.9 placebo,Elderly placebo,Elderly_placebo_female,Elderly_placebo_female_post,Elderly.post,Hiseq.33,2017.00151,784F.1064R,V5.V6,Ran An,paired,GH002.091.02,,67.06,female,Elderly_placebo_female_post,24.08,Spironolacton 50 mg per day,Brown patches,not_vegetarian,20,5,no,Light psoriasis,
GH002.092.01,GH002.092.01,biological,y,y,CCATGCGC,CCATGCGC,3,P,2017_0003,GH002,sub_92,92,65_69.9,Elderly,Elderly_female,placebo,pre,92,1,Elderly.baseline,EB_placebo,EB_placebo_female,65_69.9 placebo,Elderly placebo,Elderly_placebo_female,Elderly_placebo_female_pre,Elderly.baseline,Hiseq.59,2017.00166,784F.1064R,V5.V6,Ran An,paired,GH002.092.01,,69.07,female,Elderly_female_pre,21.76,no,no,not_vegetarian,10,6,no,no,
GH002.092.02,GH002.092.02,biological,y,y,CCATTATG,CCATTATG,3,P,2017_0003,GH002,sub_92,92,65_69.9,Elderly,Elderly_female,placebo,post,92,2,Elderly.placebo,EP_placebo,EP_placebo_female,65_69.9 placebo,Elderly placebo,Elderly_placebo_female,Elderly_placebo_female_post,Elderly.post,Hiseq.60,2017.00167,784F.1064R,V5.V6,Ran An,paired,GH002.092.02,,69.07,female,Elderly_placebo_female_post,21.76,no,no,not_vegetarian,10,6,no,no,
GH002.093.01,GH002.093.01,biological,y,n,CGCAAGCT,CGCAAGCT,3,P,2017_0003,GH002,sub_93,93,70+,Elderly,Elderly_male,pectin,pre,93,1,Elderly.baseline,EB_pectin,EB_pectin_male,70+ pectin,Elderly pectin,Elderly_pectin_male,Elderly_pectin_male_pre,Elderly.baseline,Hiseq.15,2017.00142,784F.1064R,V5.V6,Ran An,paired,GH002.093.01,,72.77,male,Elderly_male_pre,28.48,no,Penicilline ,not_vegetarian,7,4,no,no,
GH002.093.02,GH002.093.02,biological,y,n,CGGAAGAG,CGGAAGAG,3,P,2017_0003,GH002,sub_93,93,70+,Elderly,Elderly_male,pectin,post,93,2,Elderly.pectin,EP_pectin,EP_pectin_male,70+ pectin,Elderly pectin,Elderly_pectin_male,Elderly_pectin_male_post,Elderly.post,Hiseq.16,2017.00143,784F.1064R,V5.V6,Ran An,paired,GH002.093.02,,72.77,male,Elderly_pectin_male_post,28.48,no,Penicilline ,not_vegetarian,7,4,no,no,
GH002.094.01,GH002.094.01,biological,y,n,CTGCTGAA,CTGCTGAA,3,P,2017_0003,GH002,sub_94,94,65_69.9,Elderly,Elderly_female,pectin,pre,94,1,Elderly.baseline,EB_pectin,EB_pectin_female,65_69.9 pectin,Elderly pectin,Elderly_pectin_female,Elderly_pectin_female_pre,Elderly.baseline,Hiseq.15,2017.00176,784F.1064R,V5.V6,Ran An,paired,GH002.094.01,,65.7,female,Elderly_female_pre,22.23,no,no,not_vegetarian,0,6,multivit,Breastcancer 2011,
GH002.094.02,GH002.094.02,biological,y,n,CTTGCGAG,CTTGCGAG,3,P,2017_0003,GH002,sub_94,94,65_69.9,Elderly,Elderly_female,pectin,post,94,2,Elderly.pectin,EP_pectin,EP_pectin_female,65_69.9 pectin,Elderly pectin,Elderly_pectin_female,Elderly_pectin_female_post,Elderly.post,Hiseq.16,2017.00177,784F.1064R,V5.V6,Ran An,paired,GH002.094.02,,65.7,female,Elderly_pectin_female_post,22.23,no,no,not_vegetarian,0,6,multivit,Breastcancer 2011,
GH002.095.01,GH002.095.01,biological,y,n,GAACGTAT,GAACGTAT,3,P,2017_0003,GH002,sub_95,95,70+,Elderly,Elderly_male,placebo,pre,95,1,Elderly.baseline,EB_placebo,EB_placebo_male,70+ placebo,Elderly placebo,Elderly_placebo_male,Elderly_placebo_male_pre,Elderly.baseline,Hiseq.19,2017.00144,784F.1064R,V5.V6,Ran An,paired,GH002.095.01,,73.06,male,Elderly_male_pre,29.7,no,no,not_vegetarian,15,0,no,no,
GH002.095.02,GH002.095.02,biological,y,n,GAACTAAG,GAACTAAG,3,P,2017_0003,GH002,sub_95,95,70+,Elderly,Elderly_male,placebo,post,95,2,Elderly.placebo,EP_placebo,EP_placebo_male,70+ placebo,Elderly placebo,Elderly_placebo_male,Elderly_placebo_male_post,Elderly.post,Hiseq.20,2017.00145,784F.1064R,V5.V6,Ran An,paired,GH002.095.02,,73.06,male,Elderly_placebo_male_post,29.7,no,no,not_vegetarian,15,0,no,no,
GH002.096.01,GH002.096.01,biological,y,n,GATGAATG,GATGAATG,3,P,2017_0003,GH002,sub_96,96,70+,Elderly,Elderly_female,placebo,pre,96,1,Elderly.baseline,EB_placebo,EB_placebo_female,70+ placebo,Elderly placebo,Elderly_placebo_female,Elderly_placebo_female_pre,Elderly.baseline,Hiseq.43,2017.00158,784F.1064R,V5.V6,Ran An,paired,GH002.096.01,,70.72,female,Elderly_female_pre,29.93,no,no,not_vegetarian,2,3,no,Abdominal wall hernia 2012,
GH002.096.02,GH002.096.02,biological,y,n,GATGATAA,GATGATAA,3,P,2017_0003,GH002,sub_96,96,70+,Elderly,Elderly_female,placebo,post,96,2,Elderly.placebo,EP_placebo,EP_placebo_female,70+ placebo,Elderly placebo,Elderly_placebo_female,Elderly_placebo_female_post,Elderly.post,Hiseq.44,2017.00159,784F.1064R,V5.V6,Ran An,paired,GH002.096.02,,70.72,female,Elderly_placebo_female_post,29.93,no,no,not_vegetarian,2,3,no,Abdominal wall hernia 2012,
GH002.097.01,GH002.097.01,biological,n,n,GCTAATCT,GCTAATCT,3,P,2017_0003,GH002,sub_97,97,65_69.9,Elderly,Elderly_female,pectin,pre,97,1,Elderly.baseline,EB_pectin,EB_pectin_female,65_69.9 pectin,Elderly pectin,Elderly_pectin_female,Elderly_pectin_female_pre,Elderly.baseline,Hiseq.19,2017.00178,784F.1064R,V5.V6,Ran An,paired,GH002.097.01,,68.54,female,Elderly_female_pre,20.28,no,no,not_vegetarian,3,9,no,no,
GH002.097.02,GH002.097.02,biological,n,n,GGAGCGCA,GGAGCGCA,3,P,2017_0003,GH002,sub_97,97,65_69.9,Elderly,Elderly_female,pectin,post,97,2,Elderly.pectin,EP_pectin,EP_pectin_female,65_69.9 pectin,Elderly pectin,Elderly_pectin_female,Elderly_pectin_female_post,Elderly.post,Hiseq.20,2017.00179,784F.1064R,V5.V6,Ran An,paired,GH002.097.02,,68.54,female,Elderly_pectin_female_post,20.28,no,no,not_vegetarian,3,9,no,no,
GH002.099.01,GH002.099.01,biological,y,n,GGTAGAAT,GGTAGAAT,3,P,2017_0003,GH002,sub_99,99,70+,Elderly,Elderly_female,pectin,pre,99,1,Elderly.baseline,EB_pectin,EB_pectin_female,70+ pectin,Elderly pectin,Elderly_pectin_female,Elderly_pectin_female_pre,Elderly.baseline,Hiseq.47,2017.0016,784F.1064R,V5.V6,Ran An,paired,GH002.099.01,,71.71,female,Elderly_female_pre,24.09,no,no,not_vegetarian,0,4,no,no,
GH002.099.02,GH002.099.02,biological,y,n,GTCCGCAA,GTCCGCAA,3,P,2017_0003,GH002,sub_99,99,70+,Elderly,Elderly_female,pectin,post,99,2,Elderly.pectin,EP_pectin,EP_pectin_female,70+ pectin,Elderly pectin,Elderly_pectin_female,Elderly_pectin_female_post,Elderly.post,Hiseq.48,2017.00161,784F.1064R,V5.V6,Ran An,paired,GH002.099.02,,71.71,female,Elderly_pectin_female_post,24.09,no,no,not_vegetarian,0,4,no,no,
GH002.101.01,GH002.101.01,biological,y,n,TATTGCGC,TATTGCGC,3,P,2017_0003,GH002,sub_101,101,70+,Elderly,Elderly_female,pectin,pre,101,1,Elderly.baseline,EB_pectin,EB_pectin_female,70+ pectin,Elderly pectin,Elderly_pectin_female,Elderly_pectin_female_pre,Elderly.baseline,Hiseq.55,2017.00164,784F.1064R,V5.V6,Ran An,paired,GH002.101.01,,73.51,female,Elderly_female_pre,24.87,Omeprazol 3x per week (20 mg each),Mussels,not_vegetarian,7,10,no,no,
GH002.101.02,GH002.101.02,biological,y,n,TCAGCGAG,TCAGCGAG,3,P,2017_0003,GH002,sub_101,101,70+,Elderly,Elderly_female,pectin,post,101,2,Elderly.pectin,EP_pectin,EP_pectin_female,70+ pectin,Elderly pectin,Elderly_pectin_female,Elderly_pectin_female_post,Elderly.post,Hiseq.56,2017.00165,784F.1064R,V5.V6,Ran An,paired,GH002.101.02,,73.51,female,Elderly_pectin_female_post,24.87,Omeprazol 3x per week (20 mg each),Mussels,not_vegetarian,7,10,no,no,
GH002.102.01,GH002.102.01,biological,n,n,TCCTCCGC,TCCTCCGC,3,P,2017_0003,GH002,sub_102,102,65_69.9,Elderly,Elderly_female,pectin,pre,102,1,Elderly.baseline,EB_pectin,EB_pectin_female,65_69.9 pectin,Elderly pectin,Elderly_pectin_female,Elderly_pectin_female_pre,Elderly.baseline,Hiseq.23,2017.0018,784F.1064R,V5.V6,Ran An,paired,GH002.102.01,,67.69,female,Elderly_female_pre,25.22,no,Hay fever,not_vegetarian,7,4,glucosamin,no,
GH002.102.02,GH002.102.02,biological,n,n,TCGAATAA,TCGAATAA,3,P,2017_0003,GH002,sub_102,102,65_69.9,Elderly,Elderly_female,pectin,post,102,2,Elderly.pectin,EP_pectin,EP_pectin_female,65_69.9 pectin,Elderly pectin,Elderly_pectin_female,Elderly_pectin_female_post,Elderly.post,Hiseq.24,2017.00181,784F.1064R,V5.V6,Ran An,paired,GH002.102.02,,67.69,female,Elderly_pectin_female_post,25.22,no,Hay fever,not_vegetarian,7,4,glucosamin,no,
MOCK3.lib1,MOCK3.lib1,mock,mock,mock,CTCAGTCT,CTCAGTCT,1,P,2017_0001,GH002,sub_MC3,MC3,MC3,MC3,MC3_MOCK,MOCK,MOCK,MC3,MOCK,MOCK,MOCK,MOCK,MC3 MOCK,MC3 MOCK,MC3_MOCK_MOCK,MC3_MOCK_MOCK_MOCK,MOCK,Hiseq.31,MOCK 3.lib1,784F.1064R,V5.V6,Ran An,MOCK,MOCK3.lib1,MOCK,MOCK,MOCK,MC3_MOCK_MOCK_MOCK,MOCK,MOCK,MOCK,MOCK,MOCK,MOCK,MOCK,MOCK,
MOCK3.lib2,MOCK3.lib2,mock,mock,mock,CTCAGTCT,CTCAGTCT,2,P,2017_0002,GH002,sub_MC3,MC3,MC3,MC3,MC3_MOCK,MOCK,MOCK,MC3,MOCK,MOCK,MOCK,MOCK,MC3 MOCK,MC3 MOCK,MC3_MOCK_MOCK,MC3_MOCK_MOCK_MOCK,MOCK,Hiseq.31,MOCK 3.lib2,784F.1064R,V5.V6,Ran An,MOCK,MOCK3.lib2,MOCK,MOCK,MOCK,MC3_MOCK_MOCK_MOCK,MOCK,MOCK,MOCK,MOCK,MOCK,MOCK,MOCK,MOCK,
MOCK3.lib3,MOCK3.lib3,mock,mock,mock,CTCAGTCT,CTCAGTCT,3,P,2017_0003,GH002,sub_MC3,MC3,MC3,MC3,MC3_MOCK,MOCK,MOCK,MC3,MOCK,MOCK,MOCK,MOCK,MC3 MOCK,MC3 MOCK,MC3_MOCK_MOCK,MC3_MOCK_MOCK_MOCK,MOCK,Hiseq.31,MOCK 3.lib3,784F.1064R,V5.V6,Ran An,MOCK,MOCK3.lib3,MOCK,MOCK,MOCK,MC3_MOCK_MOCK_MOCK,MOCK,MOCK,MOCK,MOCK,MOCK,MOCK,MOCK,MOCK,
MOCK4.lib1,MOCK4.lib1,mock,mock,mock,CTCGCGTA,CTCGCGTA,1,P,2017_0001,GH002,sub_MC4,MC4,MC4,MC4,MC4_MOCK,MOCK,MOCK,MC4,MOCK,MOCK,MOCK,MOCK,MC4 MOCK,MC4 MOCK,MC4_MOCK_MOCK,MC4_MOCK_MOCK_MOCK,MOCK,Hiseq.32,MOCK 4.lib1,784F.1064R,V5.V6,Ran An,MOCK,MOCK4.lib1,MOCK,MOCK,MOCK,MC4_MOCK_MOCK_MOCK,MOCK,MOCK,MOCK,MOCK,MOCK,MOCK,MOCK,MOCK,
MOCK4.lib2,MOCK4.lib2,mock,mock,mock,CTCGCGTA,CTCGCGTA,2,P,2017_0002,GH002,sub_MC4,MC4,MC4,MC4,MC4_MOCK,MOCK,MOCK,MC4,MOCK,MOCK,MOCK,MOCK,MC4 MOCK,MC4 MOCK,MC4_MOCK_MOCK,MC4_MOCK_MOCK_MOCK,MOCK,Hiseq.32,MOCK 4.lib2,784F.1064R,V5.V6,Ran An,MOCK,MOCK4.lib2,MOCK,MOCK,MOCK,MC4_MOCK_MOCK_MOCK,MOCK,MOCK,MOCK,MOCK,MOCK,MOCK,MOCK,MOCK,
MOCK4.lib3,MOCK4.lib3,mock,mock,mock,CTCGCGTA,CTCGCGTA,3,P,2017_0003,GH002,sub_MC4,MC4,MC4,MC4,MC4_MOCK,MOCK,MOCK,MC4,MOCK,MOCK,MOCK,MOCK,MC4 MOCK,MC4 MOCK,MC4_MOCK_MOCK,MC4_MOCK_MOCK_MOCK,MOCK,Hiseq.32,MOCK 4.lib3,784F.1064R,V5.V6,Ran An,MOCK,MOCK4.lib3,MOCK,MOCK,MOCK,MC4_MOCK_MOCK_MOCK,MOCK,MOCK,MOCK,MOCK,MOCK,MOCK,MOCK,MOCK,
